Dataset,Pnumber,Cellline,Rawfile,Name
kinome,P0001134,K-562,000194_A01_P0001134_B00_A00_R1.raw,K-562 cell
kinome,P0001135,EKVX,000194_B01_P0001135_B00_A00_R1.raw,EKVX cell
kinome,P0001136,HOP-62,000194_C01_P0001136_B00_A00_R2.raw,HOP-62 cell
kinome,P0001137,HOP-92,000194_D01_P0001137_B00_A00_R1.raw,HOP-92 cell
kinome,P0001138,SF-268,000194_E01_P0001138_B00_A00_R2.raw,SF-268 cell
full proteome of 59 cell lines,P0001563,H522,000261_H04_P0001563_A00_B00H_R1.raw,NCI-H522 cell
full proteome of 59 cell lines,P0001563,H522,000261_B04_P0001563_A00_B00B_R1.raw,NCI-H522 cell
full proteome of 59 cell lines,P0001563,H522,000261_C04_P0001563_A00_B00C_R1.raw,NCI-H522 cell
full proteome of 59 cell lines,P0001563,H522,000261_B05_P0001563_A00_B00J_R1.raw,NCI-H522 cell
full proteome of 59 cell lines,P0001563,H522,000261_C05_P0001563_A00_B00K_R1.raw,NCI-H522 cell
full proteome of 59 cell lines,P0001563,H522,000261_F04_P0001563_A00_B00F_R1.raw,NCI-H522 cell
full proteome of 59 cell lines,P0001563,H522,000261_G04_P0001563_A00_B00G_R1.raw,NCI-H522 cell
full proteome of 59 cell lines,P0001563,H522,000261_D04_P0001563_A00_B00D_R1.raw,NCI-H522 cell
full proteome of 59 cell lines,P0001563,H522,000261_A05_P0001563_A00_B00I_R1.raw,NCI-H522 cell
full proteome of 59 cell lines,P0001563,H522,000261_D05_P0001563_A00_B00L_R1.raw,NCI-H522 cell
full proteome of 59 cell lines,P0001563,H522,000261_A04_P0001563_A00_B00A_R1.raw,NCI-H522 cell
full proteome of 59 cell lines,P0001563,H522,000261_E04_P0001563_A00_B00E_R1.raw,NCI-H522 cell
full proteome of 59 cell lines,P0001568,HCC-2998,000256_B05_P0001568_A00_B00J_R1.raw,HCC-2998 cell
full proteome of 59 cell lines,P0001568,HCC-2998,000256_B04_P0001568_A00_B00B_R1.raw,HCC-2998 cell
full proteome of 59 cell lines,P0001568,HCC-2998,000256_F04_P0001568_A00_B00F_R1.raw,HCC-2998 cell
full proteome of 59 cell lines,P0001568,HCC-2998,000256_C04_P0001568_A00_B00C_R1.raw,HCC-2998 cell
full proteome of 59 cell lines,P0001568,HCC-2998,000256_D04_P0001568_A00_B00D_R1.raw,HCC-2998 cell
full proteome of 59 cell lines,P0001568,HCC-2998,000256_H04_P0001568_A00_B00H_R1.raw,HCC-2998 cell
full proteome of 59 cell lines,P0001568,HCC-2998,000256_C05_P0001568_A00_B00K_R1.raw,HCC-2998 cell
full proteome of 59 cell lines,P0001568,HCC-2998,000256_E04_P0001568_A00_B00E_R1.raw,HCC-2998 cell
full proteome of 59 cell lines,P0001568,HCC-2998,000256_G04_P0001568_A00_B00G_R1.raw,HCC-2998 cell
full proteome of 59 cell lines,P0001568,HCC-2998,000256_A04_P0001568_A00_B00A_R1.raw,HCC-2998 cell
full proteome of 59 cell lines,P0001568,HCC-2998,000256_A05_P0001568_A00_B00I_R1.raw,HCC-2998 cell
full proteome of 59 cell lines,P0001568,HCC-2998,000256_D05_P0001568_A00_B00L_R1.raw,HCC-2998 cell
full proteome of 59 cell lines,P0001751,SN12C,000287_C01_P0001751_A00_B00C_R1.raw,SN-12C cell
full proteome of 59 cell lines,P0001751,SN12C,000287_D01_P0001751_A00_B00D_R1.raw,SN-12C cell
full proteome of 59 cell lines,P0001751,SN12C,000287_B02_P0001751_A00_B00J_R1.raw,SN-12C cell
full proteome of 59 cell lines,P0001751,SN12C,000287_H01_P0001751_A00_B00H_R1.raw,SN-12C cell
full proteome of 59 cell lines,P0001751,SN12C,000287_E01_P0001751_A00_B00E_R1.raw,SN-12C cell
full proteome of 59 cell lines,P0001751,SN12C,000287_A01_P0001751_A00_B00A_R2.raw,SN-12C cell
full proteome of 59 cell lines,P0001751,SN12C,000287_D02_P0001751_A00_B00L_R1.raw,SN-12C cell
full proteome of 59 cell lines,P0001751,SN12C,000287_A01_P0001751_A00_B00A_R1.raw,SN-12C cell
full proteome of 59 cell lines,P0001751,SN12C,000287_G01_P0001751_A00_B00G_R1.raw,SN-12C cell
full proteome of 59 cell lines,P0001751,SN12C,000287_F01_P0001751_A00_B00F_R1.raw,SN-12C cell
full proteome of 59 cell lines,P0001751,SN12C,000287_C02_P0001751_A00_B00K_R1.raw,SN-12C cell
full proteome of 59 cell lines,P0001751,SN12C,000287_A02_P0001751_A00_B00I_R1.raw,SN-12C cell
full proteome of 59 cell lines,P0001751,SN12C,000287_B01_P0001751_A00_B00B_R1.raw,SN-12C cell
kinome,P000698,HL-60,000120_A02_P000698_B00_A00_R1.raw,HL-60 cell
kinome,P000699,T47D,000120_H01_P000699_B00_A00_R1.raw,T-47D cell
kinome,P000700,MDA-MB-453,000120_G01_P000700_B00_A00_R1.raw,MDA-MB-453 cell
kinome,P000701,A-549,000120_F01_P000701_B00_A00_R1.raw,A-549 cell
kinome,P000702,Hs-578T,000120_E01_P000702_B00_A00_R1.raw,Hs-578T cell
kinome,P000703,BT-549,000120_D01_P000703_B00_A00_R1.raw,BT-549 cell
kinome,P000704,SK-MEL-28,000120_C01_P000704_B00_A00_R1.raw,SK-MEL-28 cell
kinome,P000705,MDA-MB-231,000120_B01_P000705_B00_A00_R1.raw,MDA-MB-231 cell
kinome,P000706,SW620,000120_A01_P000706_B00_A00_R1.raw,SW-620 cell
kinome,P000707,UACC-257,000120_B03_P000707_B00_A00_R1.raw,UACC-257 cell
kinome,P000708,LOX IMVI,000120_A03_P000708_B00_A00_R1.raw,LOX-IMVI cell
kinome,P000709,UO-31,000120_H02_P000709_B00_A00_R1.raw,UO-31 cell
kinome,P000710,OVCAR-5,000120_G02_P000710_B00_A00_R1.raw,OVCAR-5 cell
kinome,P000711,786-O,000120_F02_P000711_B00_A00_R1.raw,RCC 786-O cell
kinome,P000712,UACC-62,000120_E02_P000712_B00_A00_R1.raw,UACC-62 cell
kinome,P000713,H460,000120_D02_P000713_B00_A00_R1.raw,NCI-H460 cell
kinome,P000714,SN12C,000120_C02_P000714_B00_A00_R2.raw,SN-12C cell
kinome,P000715,IGROV-1,000120_B02_P000715_B00_A00_R2.raw,IGROV-1 cell
kinome,P000746,H23,000124_A01_P000746_B00_A00_R1.raw,NCI-H23 cell
kinome,P000747,PC-3,000124_B01_P000747_B00_A00_R1.raw,PC-3 cell
kinome,P000748,SF-295,000124_C01_P000748_B00_A00_R1.raw,SF-295 cell
kinome,P000749,SR,000124_D01_P000749_B00_A00_R1.raw,SR cell
kinome,P000750,SK-MEL-2,000124_E01_P000750_B00_A00_R1.raw,SK-MEL-2 cell
kinome,P000751,OVCAR-3,000124_F01_P000751_B00_A00_R1.raw,OVCAR-3 cell
kinome,P000752,HCT 116,000124_G01_P000752_B00_A00_R1.raw,HTC-116 cell
kinome,P000753,CCRF-CEM,000124_H01_P000753_B00_A00_R1.raw,CCRF-CEM cell
kinome,P000754,SKOV-3,000124_A02_P000754_B00_A00_R1.raw,SKOV-3 cell
kinome,P000755,MOLT-4,000124_A03_P000755_B00_A00_R3.raw,MOLT-4 cell
kinome,P000756,DU-145,000124_H02_P000756_B00_A00_R1.raw,DU-145 cell
kinome,P000757,RPMI 8226,000124_G02_P000757_B00_A00_R1.raw,RPMI-8226 cell
kinome,P000803,HT29,000132_G01_P000803_B00_A00_R1.raw,HT-29 cell
kinome,P000804,TK-10,000132_F01_P000804_B00_A00_R1.raw,TK-10 cell
kinome,P000805,H322M,000132_E01_P000805_B00_A00_R1.raw,NCI-H322M cell
kinome,P000806,H226,000132_D01_P000806_B00_A00_R1.raw,NCI-H226 cell
kinome,P000807,RXF-393,000132_C01_P000807_B00_A00_R1.raw,RXF-393 cell
kinome,P000808,Malme-3M,000132_B01_P000808_B00_A00_R1.raw,MALME-3M cell
kinome,P000809,KM12,000132_A01_P000809_B00_A00_R1.raw,KM-12 cell
kinome,P000810,SNB-19,000132_G02_P000810_B00_A00_R1.raw,SNB-19 cell
kinome,P000811,COLO 205,000132_F02_P000811_B00_A00_R1.raw,Colo-205 cell
kinome,P000812,Caki-1,000132_E02_P000812_B00_A00_R1.raw,Caki-1 cell
kinome,P000813,MCF-7/AdrR,000132_D02_P000813_B00_A00_R1.raw,MCF-7/adr cell
kinome,P000814,ACHN,000132_C02_P000814_B00_A00_R1.raw,ACHN cell
kinome,P000815,HCT 15,000132_B02_P000815_B00_A00_R1.raw,HCT-15 cell
kinome,P000816,U-251,000132_A02_P000816_B00_A00_R1.raw,U-251 MG cell
kinome,P000817,HCC-2998,000132_H01_P000817_B00_A00_R1.raw,HCC-2998 cell
kinome,P000818,SNB-75,000132_H03_P000818_B00_A00_R1.raw,SNB-75 cell
kinome,P000819,OVCAR-8,000132_G03_P000819_B00_A00_R1.raw,OVCAR-8/ADR cell
kinome,P000820,H522,000132_F03_P000820_B00_A00_R1.raw,NCI-H522 cell
kinome,P000821,MCF-7,000132_E03_P000821_B00_A00_R1.raw,MCF-7 cell
kinome,P000822,A-498,000132_D03_P000822_B00_A00_R1.raw,A-498 cell
kinome,P000823,OVCAR-4,000132_C03_P000823_B00_A00_R1.raw,OVCAR-4 cell
kinome,P000824,SF-539,000132_B03_P000824_B00_A00_R1.raw,SF-539 cell
kinome,P000825,M14,000132_A03_P000825_B00_A00_R1.raw,M14 cell
kinome,P000826,SK-MEL-5,000132_H02_P000826_B00_A00_R1.raw,SK-MEL-5 cell
full proteome of 59 cell lines,P001355,Hs-578T,000228_A09_P001355_B00E_A00_R1.raw,Hs-578T cell
full proteome of 59 cell lines,P001355,Hs-578T,000228_E08_P001355_B00A_A00_R1.raw,Hs-578T cell
full proteome of 59 cell lines,P001355,Hs-578T,000228_C09_P001355_B00G_A00_R1.raw,Hs-578T cell
full proteome of 59 cell lines,P001355,Hs-578T,000228_G09_P001355_B00K_A00_R1.raw,Hs-578T cell
full proteome of 59 cell lines,P001355,Hs-578T,000228_F09_P001355_B00J_A00_R1.raw,Hs-578T cell
full proteome of 59 cell lines,P001355,Hs-578T,000228_H09_P001355_B00L_A00_R1.raw,Hs-578T cell
full proteome of 59 cell lines,P001355,Hs-578T,000228_H08_P001355_B00D_A00_R1.raw,Hs-578T cell
full proteome of 59 cell lines,P001355,Hs-578T,000228_G08_P001355_B00C_A00_R1.raw,Hs-578T cell
full proteome of 59 cell lines,P001355,Hs-578T,000228_E09_P001355_B00I_A00_R1.raw,Hs-578T cell
full proteome of 59 cell lines,P001355,Hs-578T,000228_B09_P001355_B00F_A00_R1.raw,Hs-578T cell
full proteome of 59 cell lines,P001355,Hs-578T,000228_F08_P001355_B00B_A00_R1.raw,Hs-578T cell
full proteome of 59 cell lines,P001355,Hs-578T,000228_D09_P001355_B00H_A00_R1.raw,Hs-578T cell
full proteome of 59 cell lines,P001356,K-562,000228_B08_P001356_B00J_A00_R1.raw,K-562 cell
full proteome of 59 cell lines,P001356,K-562,000228_H07_P001356_B00H_A00_R1.raw,K-562 cell
full proteome of 59 cell lines,P001356,K-562,000228_G07_P001356_B00G_A00_R1.raw,K-562 cell
full proteome of 59 cell lines,P001356,K-562,000228_B07_P001356_B00B_A00_R1.raw,K-562 cell
full proteome of 59 cell lines,P001356,K-562,000228_C07_P001356_B00C_A00_R1.raw,K-562 cell
full proteome of 59 cell lines,P001356,K-562,000228_D07_P001356_B00D_A00_R1.raw,K-562 cell
full proteome of 59 cell lines,P001356,K-562,000228_E07_P001356_B00E_A00_R1.raw,K-562 cell
full proteome of 59 cell lines,P001356,K-562,000228_A07_P001356_B00A_A00_R1.raw,K-562 cell
full proteome of 59 cell lines,P001356,K-562,000228_C08_P001356_B00K_A00_R1.raw,K-562 cell
full proteome of 59 cell lines,P001356,K-562,000228_A08_P001356_B00I_A00_R1.raw,K-562 cell
full proteome of 59 cell lines,P001356,K-562,000228_F07_P001356_B00F_A00_R1.raw,K-562 cell
full proteome of 59 cell lines,P001356,K-562,000228_D08_P001356_B00L_A00_R1.raw,K-562 cell
full proteome of 59 cell lines,P001357,BT-549,000228_B06_P001357_B00F_A00_R1.raw,BT-549 cell
full proteome of 59 cell lines,P001357,BT-549,000228_E06_P001357_B00I_A00_R1.raw,BT-549 cell
full proteome of 59 cell lines,P001357,BT-549,000228_G06_P001357_B00K_A00_R1.raw,BT-549 cell
full proteome of 59 cell lines,P001357,BT-549,000228_C06_P001357_B00G_A00_R1.raw,BT-549 cell
full proteome of 59 cell lines,P001357,BT-549,000228_D06_P001357_B00H_A00_R1.raw,BT-549 cell
full proteome of 59 cell lines,P001357,BT-549,000228_H05_P001357_B00D_A00_R1.raw,BT-549 cell
full proteome of 59 cell lines,P001357,BT-549,000228_G05_P001357_B00C_A00_R1.raw,BT-549 cell
full proteome of 59 cell lines,P001357,BT-549,000228_E05_P001357_B00A_A00_R1.raw,BT-549 cell
full proteome of 59 cell lines,P001357,BT-549,000228_F05_P001357_B00B_A00_R1.raw,BT-549 cell
full proteome of 59 cell lines,P001357,BT-549,000228_A06_P001357_B00E_A00_R1.raw,BT-549 cell
full proteome of 59 cell lines,P001357,BT-549,000228_H06_P001357_B00L_A00_R1.raw,BT-549 cell
full proteome of 59 cell lines,P001357,BT-549,000228_F06_P001357_B00J_A00_R1.raw,BT-549 cell
full proteome of 59 cell lines,P001358,EKVX,000228_C04_P001358_B00C_A00_R1.raw,EKVX cell
full proteome of 59 cell lines,P001358,EKVX,000228_C05_P001358_B00K_A00_R1.raw,EKVX cell
full proteome of 59 cell lines,P001358,EKVX,000228_F04_P001358_B00F_A00_R1.raw,EKVX cell
full proteome of 59 cell lines,P001358,EKVX,000228_A04_P001358_B00A_A00_R1.raw,EKVX cell
full proteome of 59 cell lines,P001358,EKVX,000228_D04_P001358_B00D_A00_R1.raw,EKVX cell
full proteome of 59 cell lines,P001358,EKVX,000228_H04_P001358_B00H_A00_R1.raw,EKVX cell
full proteome of 59 cell lines,P001358,EKVX,000228_B04_P001358_B00B_A00_R1.raw,EKVX cell
full proteome of 59 cell lines,P001358,EKVX,000228_B05_P001358_B00J_A00_R1.raw,EKVX cell
full proteome of 59 cell lines,P001358,EKVX,000228_E04_P001358_B00E_A00_R1.raw,EKVX cell
full proteome of 59 cell lines,P001358,EKVX,000228_D05_P001358_B00L_A00_R1.raw,EKVX cell
full proteome of 59 cell lines,P001358,EKVX,000228_A05_P001358_B00I_A00_R1.raw,EKVX cell
full proteome of 59 cell lines,P001358,EKVX,000228_G04_P001358_B00G_A00_R1.raw,EKVX cell
full proteome of 59 cell lines,P001359,HOP-62,000228_H02_P001359_B00D_A00_R1.raw,HOP-62 cell
full proteome of 59 cell lines,P001359,HOP-62,000228_D03_P001359_B00H_A00_R1.raw,HOP-62 cell
full proteome of 59 cell lines,P001359,HOP-62,000228_C03_P001359_B00G_A00_R1.raw,HOP-62 cell
full proteome of 59 cell lines,P001359,HOP-62,000228_A03_P001359_B00E_A00_R1.raw,HOP-62 cell
full proteome of 59 cell lines,P001359,HOP-62,000228_E02_P001359_B00A_A00_R1.raw,HOP-62 cell
full proteome of 59 cell lines,P001359,HOP-62,000228_F02_P001359_B00B_A00_R1.raw,HOP-62 cell
full proteome of 59 cell lines,P001359,HOP-62,000228_H03_P001359_B00L_A00_R1.raw,HOP-62 cell
full proteome of 59 cell lines,P001359,HOP-62,000228_E03_P001359_B00I_A00_R1.raw,HOP-62 cell
full proteome of 59 cell lines,P001359,HOP-62,000228_F03_P001359_B00J_A00_R1.raw,HOP-62 cell
full proteome of 59 cell lines,P001359,HOP-62,000228_G02_P001359_B00C_A00_R1.raw,HOP-62 cell
full proteome of 59 cell lines,P001359,HOP-62,000228_B03_P001359_B00F_A00_R1.raw,HOP-62 cell
full proteome of 59 cell lines,P001359,HOP-62,000228_G03_P001359_B00K_A00_R1.raw,HOP-62 cell
full proteome of 59 cell lines,P001360,SK-MEL-28,000228_B02_P001360_B00J_A00_R1.raw,SK-MEL-28 cell
full proteome of 59 cell lines,P001360,SK-MEL-28,000228_A01_P001360_B00A_A00_R1.raw,SK-MEL-28 cell
full proteome of 59 cell lines,P001360,SK-MEL-28,000228_D02_P001360_B00L_A00_R1.raw,SK-MEL-28 cell
full proteome of 59 cell lines,P001360,SK-MEL-28,000228_C01_P001360_B00C_A00_R1.raw,SK-MEL-28 cell
full proteome of 59 cell lines,P001360,SK-MEL-28,000228_H01_P001360_B00H_A00_R1.raw,SK-MEL-28 cell
full proteome of 59 cell lines,P001360,SK-MEL-28,000228_A02_P001360_B00I_A00_R1.raw,SK-MEL-28 cell
full proteome of 59 cell lines,P001360,SK-MEL-28,000228_B01_P001360_B00B_A00_R1.raw,SK-MEL-28 cell
full proteome of 59 cell lines,P001360,SK-MEL-28,000228_G01_P001360_B00G_A00_R1.raw,SK-MEL-28 cell
full proteome of 59 cell lines,P001360,SK-MEL-28,000228_E01_P001360_B00E_A00_R1.raw,SK-MEL-28 cell
full proteome of 59 cell lines,P001360,SK-MEL-28,000228_C02_P001360_B00K_A00_R1.raw,SK-MEL-28 cell
full proteome of 59 cell lines,P001360,SK-MEL-28,000228_F01_P001360_B00F_A00_R1.raw,SK-MEL-28 cell
full proteome of 59 cell lines,P001360,SK-MEL-28,000228_D01_P001360_B00D_A00_R1.raw,SK-MEL-28 cell
full proteome of 59 cell lines,P001386,T47D,000234_H09_P001386_B00I_A00_R1.raw,T-47D cell
full proteome of 59 cell lines,P001386,T47D,000234_F09_P001386_B00G_A00_R1.raw,T-47D cell
full proteome of 59 cell lines,P001386,T47D,000234_B10_P001386_B00K_A00_R1.raw,T-47D cell
full proteome of 59 cell lines,P001386,T47D,000234_C10_P001386_B00L_A00_R1.raw,T-47D cell
full proteome of 59 cell lines,P001386,T47D,000234_A09_P001386_B00B_A00_R1.raw,T-47D cell
full proteome of 59 cell lines,P001386,T47D,000234_A10_P001386_B00J_A00_R1.raw,T-47D cell
full proteome of 59 cell lines,P001386,T47D,000234_D09_P001386_B00E_A00_R1.raw,T-47D cell
full proteome of 59 cell lines,P001386,T47D,000234_G09_P001386_B00H_A00_R1.raw,T-47D cell
full proteome of 59 cell lines,P001386,T47D,000234_E09_P001386_B00F_A00_R1.raw,T-47D cell
full proteome of 59 cell lines,P001386,T47D,000234_C09_P001386_B00D_A00_R1.raw,T-47D cell
full proteome of 59 cell lines,P001386,T47D,000234_B09_P001386_B00C_A00_R1.raw,T-47D cell
full proteome of 59 cell lines,P001386,T47D,000234_H08_P001386_B00A_A00_R1.raw,T-47D cell
full proteome of 59 cell lines,P001387,MDA-MB-435,000234_D07_P001387_B00A_A00_R1.raw,MDA-MB-435 cell
full proteome of 59 cell lines,P001387,MDA-MB-435,000234_D08_P001387_B00I_A00_R1.raw,MDA-MB-435 cell
full proteome of 59 cell lines,P001387,MDA-MB-435,000234_F07_P001387_B00C_A00_R1.raw,MDA-MB-435 cell
full proteome of 59 cell lines,P001387,MDA-MB-435,000234_G07_P001387_B00D_A00_R1.raw,MDA-MB-435 cell
full proteome of 59 cell lines,P001387,MDA-MB-435,000234_A08_P001387_B00F_A00_R1.raw,MDA-MB-435 cell
full proteome of 59 cell lines,P001387,MDA-MB-435,000234_G08_P001387_B00L_A00_R1.raw,MDA-MB-435 cell
full proteome of 59 cell lines,P001387,MDA-MB-435,000234_C08_P001387_B00H_A00_R1.raw,MDA-MB-435 cell
full proteome of 59 cell lines,P001387,MDA-MB-435,000234_B08_P001387_B00G_A00_R1.raw,MDA-MB-435 cell
full proteome of 59 cell lines,P001387,MDA-MB-435,000234_F08_P001387_B00K_A00_R1.raw,MDA-MB-435 cell
full proteome of 59 cell lines,P001387,MDA-MB-435,000234_E08_P001387_B00J_A00_R1.raw,MDA-MB-435 cell
full proteome of 59 cell lines,P001387,MDA-MB-435,000234_E07_P001387_B00B_A00_R1.raw,MDA-MB-435 cell
full proteome of 59 cell lines,P001387,MDA-MB-435,000234_H07_P001387_B00E_A00_R1.raw,MDA-MB-435 cell
full proteome of 59 cell lines,P001388,SR,000234_A07_P001388_B00J_A00_R1.raw,SR cell
full proteome of 59 cell lines,P001388,SR,000234_C06_P001388_B00D_A00_R1.raw,SR cell
full proteome of 59 cell lines,P001388,SR,000234_B06_P001388_B00C_A00_R1.raw,SR cell
full proteome of 59 cell lines,P001388,SR,000234_D06_P001388_B00E_A00_R1.raw,SR cell
full proteome of 59 cell lines,P001388,SR,000234_A06_P001388_B00B_A00_R1.raw,SR cell
full proteome of 59 cell lines,P001388,SR,000234_G06_P001388_B00H_A00_R1.raw,SR cell
full proteome of 59 cell lines,P001388,SR,000234_E06_P001388_B00F_A00_R1.raw,SR cell
full proteome of 59 cell lines,P001388,SR,000234_H05_P001388_B00A_A00_R1.raw,SR cell
full proteome of 59 cell lines,P001388,SR,000234_C07_P001388_B00L_A00_R1.raw,SR cell
full proteome of 59 cell lines,P001388,SR,000234_B07_P001388_B00K_A00_R1.raw,SR cell
full proteome of 59 cell lines,P001388,SR,000234_H06_P001388_B00I_A00_R1.raw,SR cell
full proteome of 59 cell lines,P001388,SR,000234_F06_P001388_B00G_A00_R1.raw,SR cell
full proteome of 59 cell lines,P001389,MDA-MB-231,000234_C05_P001389_B00H_A00_R1.raw,MDA-MB-231 cell
full proteome of 59 cell lines,P001389,MDA-MB-231,000234_H04_P001389_B00E_A00_R1.raw,MDA-MB-231 cell
full proteome of 59 cell lines,P001389,MDA-MB-231,000234_G05_P001389_B00L_A00_R1.raw,MDA-MB-231 cell
full proteome of 59 cell lines,P001389,MDA-MB-231,000234_E04_P001389_B00B_A00_R1.raw,MDA-MB-231 cell
full proteome of 59 cell lines,P001389,MDA-MB-231,000234_E05_P001389_B00J_A00_R1.raw,MDA-MB-231 cell
full proteome of 59 cell lines,P001389,MDA-MB-231,000234_A05_P001389_B00F_A00_R1.raw,MDA-MB-231 cell
full proteome of 59 cell lines,P001389,MDA-MB-231,000234_D05_P001389_B00I_A00_R1.raw,MDA-MB-231 cell
full proteome of 59 cell lines,P001389,MDA-MB-231,000234_D04_P001389_B00A_A00_R1.raw,MDA-MB-231 cell
full proteome of 59 cell lines,P001389,MDA-MB-231,000234_B05_P001389_B00G_A00_R1.raw,MDA-MB-231 cell
full proteome of 59 cell lines,P001389,MDA-MB-231,000234_F04_P001389_B00C_A00_R1.raw,MDA-MB-231 cell
full proteome of 59 cell lines,P001389,MDA-MB-231,000234_F05_P001389_B00K_A00_R1.raw,MDA-MB-231 cell
full proteome of 59 cell lines,P001389,MDA-MB-231,000234_G04_P001389_B00D_A00_R1.raw,MDA-MB-231 cell
full proteome of 59 cell lines,P001390,LOX IMVI,000234_A03_P001390_B00B_A00_R1.raw,LOX-IMVI cell
full proteome of 59 cell lines,P001390,LOX IMVI,000234_F03_P001390_B00G_A00_R1.raw,LOX-IMVI cell
full proteome of 59 cell lines,P001390,LOX IMVI,000234_D03_P001390_B00E_A00_R1.raw,LOX-IMVI cell
full proteome of 59 cell lines,P001390,LOX IMVI,000234_H02_P001390_B00A_A00_R1.raw,LOX-IMVI cell
full proteome of 59 cell lines,P001390,LOX IMVI,000234_H03_P001390_B00I_A00_R1.raw,LOX-IMVI cell
full proteome of 59 cell lines,P001390,LOX IMVI,000234_G03_P001390_B00H_A00_R1.raw,LOX-IMVI cell
full proteome of 59 cell lines,P001390,LOX IMVI,000234_B04_P001390_B00K_A00_R1.raw,LOX-IMVI cell
full proteome of 59 cell lines,P001390,LOX IMVI,000234_E03_P001390_B00F_A00_R1.raw,LOX-IMVI cell
full proteome of 59 cell lines,P001390,LOX IMVI,000234_C04_P001390_B00L_A00_R1.raw,LOX-IMVI cell
full proteome of 59 cell lines,P001390,LOX IMVI,000234_B03_P001390_B00C_A00_R1.raw,LOX-IMVI cell
full proteome of 59 cell lines,P001390,LOX IMVI,000234_C03_P001390_B00D_A00_R1.raw,LOX-IMVI cell
full proteome of 59 cell lines,P001390,LOX IMVI,000234_A04_P001390_B00J_A00_R1.raw,LOX-IMVI cell
full proteome of 59 cell lines,P001561,SNB-75,00261_B01_P001561_B00B_A00_R1.raw,SNB-75 cell
full proteome of 59 cell lines,P001561,SNB-75,00261_B02_P001561_B00J_A00_R1.raw,SNB-75 cell
full proteome of 59 cell lines,P001561,SNB-75,00261_G01_P001561_B00G_A00_R1.raw,SNB-75 cell
full proteome of 59 cell lines,P001561,SNB-75,00261_C01_P001561_B00C_A00_R1.raw,SNB-75 cell
full proteome of 59 cell lines,P001561,SNB-75,00261_H01_P001561_B00H_A00_R1.raw,SNB-75 cell
full proteome of 59 cell lines,P001561,SNB-75,00261_A01_P001561_B00A_A00_R1.raw,SNB-75 cell
full proteome of 59 cell lines,P001561,SNB-75,00261_A02_P001561_B00I_A00_R1.raw,SNB-75 cell
full proteome of 59 cell lines,P001561,SNB-75,00261_D01_P001561_B00D_A00_R1.raw,SNB-75 cell
full proteome of 59 cell lines,P001561,SNB-75,00261_D02_P001561_B00L_A00_R1.raw,SNB-75 cell
full proteome of 59 cell lines,P001561,SNB-75,00261_F01_P001561_B00F_A00_R1.raw,SNB-75 cell
full proteome of 59 cell lines,P001561,SNB-75,00261_C02_P001561_B00K_A00_R1.raw,SNB-75 cell
full proteome of 59 cell lines,P001561,SNB-75,00261_E01_P001561_B00E_A00_R1.raw,SNB-75 cell
full proteome of 59 cell lines,P001562,M14,00261_C03_P001562_B00G_A00_R1.raw,M14 cell
full proteome of 59 cell lines,P001562,M14,00261_H02_P001562_B00D_A00_R1.raw,M14 cell
full proteome of 59 cell lines,P001562,M14,00261_E02_P001562_B00A_A00_R1.raw,M14 cell
full proteome of 59 cell lines,P001562,M14,00261_G02_P001562_B00C_A00_R1.raw,M14 cell
full proteome of 59 cell lines,P001562,M14,00261_F03_P001562_B00J_A00_R1.raw,M14 cell
full proteome of 59 cell lines,P001562,M14,00261_B03_P001562_B00F_A00_R1.raw,M14 cell
full proteome of 59 cell lines,P001562,M14,00261_E03_P001562_B00I_A00_R1.raw,M14 cell
full proteome of 59 cell lines,P001562,M14,00261_D03_P001562_B00H_A00_R1.raw,M14 cell
full proteome of 59 cell lines,P001562,M14,00261_F02_P001562_B00B_A00_R1.raw,M14 cell
full proteome of 59 cell lines,P001562,M14,00261_G03_P001562_B00K_A00_R1.raw,M14 cell
full proteome of 59 cell lines,P001562,M14,00261_A03_P001562_B00E_A00_R1.raw,M14 cell
full proteome of 59 cell lines,P001562,M14,00261_H03_P001562_B00L_A00_R1.raw,M14 cell
full proteome of 59 cell lines,P001564,MCF-7/AdrR,00261_E06_P001564_B00I_A00_R1.raw,MCF-7/adr cell
full proteome of 59 cell lines,P001564,MCF-7/AdrR,00261_C06_P001564_B00G_A00_R1.raw,MCF-7/adr cell
full proteome of 59 cell lines,P001564,MCF-7/AdrR,00261_G06_P001564_B00K_A00_R1.raw,MCF-7/adr cell
full proteome of 59 cell lines,P001564,MCF-7/AdrR,00261_H05_P001564_B00D_A00_R1.raw,MCF-7/adr cell
full proteome of 59 cell lines,P001564,MCF-7/AdrR,00261_H06_P001564_B00L_A00_R1.raw,MCF-7/adr cell
full proteome of 59 cell lines,P001564,MCF-7/AdrR,00261_G05_P001564_B00C_A00_R1.raw,MCF-7/adr cell
full proteome of 59 cell lines,P001564,MCF-7/AdrR,00261_F06_P001564_B00J_A00_R1.raw,MCF-7/adr cell
full proteome of 59 cell lines,P001564,MCF-7/AdrR,00261_D06_P001564_B00H_A00_R1.raw,MCF-7/adr cell
full proteome of 59 cell lines,P001564,MCF-7/AdrR,00261_E05_P001564_B00A_A00_R1.raw,MCF-7/adr cell
full proteome of 59 cell lines,P001564,MCF-7/AdrR,00261_F05_P001564_B00B_A00_R1.raw,MCF-7/adr cell
full proteome of 59 cell lines,P001564,MCF-7/AdrR,00261_B06_P001564_B00F_A00_R1.raw,MCF-7/adr cell
full proteome of 59 cell lines,P001564,MCF-7/AdrR,00261_A06_P001564_B00E_A00_R1.raw,MCF-7/adr cell
full proteome of 59 cell lines,P001565,HT-29,00261_B08_P001565_B00J_A00_R1.raw,HT-29 cell
full proteome of 59 cell lines,P001565,HT-29,00261_C08_P001565_B00K_A00_R1.raw,HT-29 cell
full proteome of 59 cell lines,P001565,HT-29,00261_A07_P001565_B00A_A00_R1.raw,HT-29 cell
full proteome of 59 cell lines,P001565,HT-29,00261_D07_P001565_B00D_A00_R1.raw,HT-29 cell
full proteome of 59 cell lines,P001565,HT-29,00261_E07_P001565_B00E_A00_R1.raw,HT-29 cell
full proteome of 59 cell lines,P001565,HT-29,00261_G07_P001565_B00G_A00_R1.raw,HT-29 cell
full proteome of 59 cell lines,P001565,HT-29,00261_B07_P001565_B00B_A00_R1.raw,HT-29 cell
full proteome of 59 cell lines,P001565,HT-29,00261_H07_P001565_B00H_A00_R1.raw,HT-29 cell
full proteome of 59 cell lines,P001565,HT-29,00261_A08_P001565_B00I_A00_R1.raw,HT-29 cell
full proteome of 59 cell lines,P001565,HT-29,00261_F07_P001565_B00F_A00_R1.raw,HT-29 cell
full proteome of 59 cell lines,P001565,HT-29,00261_C07_P001565_B00C_A00_R1.raw,HT-29 cell
full proteome of 59 cell lines,P001565,HT-29,00261_D08_P001565_B00L_A00_R1.raw,HT-29 cell
full proteome of 59 cell lines,P001566,H226,00256_A07_P001566_B00A_A00_R1.raw,NCI-H226 cell
full proteome of 59 cell lines,P001566,H226,00256_B07_P001566_B00B_A00_R1.raw,NCI-H226 cell
full proteome of 59 cell lines,P001566,H226,00256_G07_P001566_B00G_A00_R1.raw,NCI-H226 cell
full proteome of 59 cell lines,P001566,H226,00256_A08_P001566_B00I_A00_R1.raw,NCI-H226 cell
full proteome of 59 cell lines,P001566,H226,00256_H07_P001566_B00H_A00_R1.raw,NCI-H226 cell
full proteome of 59 cell lines,P001566,H226,00256_E07_P001566_B00E_A00_R1.raw,NCI-H226 cell
full proteome of 59 cell lines,P001566,H226,00256_D08_P001566_B00L_A00_R1.raw,NCI-H226 cell
full proteome of 59 cell lines,P001566,H226,00256_C08_P001566_B00K_A00_R1.raw,NCI-H226 cell
full proteome of 59 cell lines,P001566,H226,00256_B08_P001566_B00J_A00_R1.raw,NCI-H226 cell
full proteome of 59 cell lines,P001566,H226,00256_F07_P001566_B00F_A00_R1.raw,NCI-H226 cell
full proteome of 59 cell lines,P001566,H226,00256_C07_P001566_B00C_A00_R1.raw,NCI-H226 cell
full proteome of 59 cell lines,P001566,H226,00256_D07_P001566_B00D_A00_R1.raw,NCI-H226 cell
full proteome of 59 cell lines,P001567,RXF-393,00256_A06_P001567_B00E_A00_R1.raw,RXF-393 cell
full proteome of 59 cell lines,P001567,RXF-393,00256_H06_P001567_B00L_A00_R1.raw,RXF-393 cell
full proteome of 59 cell lines,P001567,RXF-393,00256_H05_P001567_B00D_A00_R1.raw,RXF-393 cell
full proteome of 59 cell lines,P001567,RXF-393,00256_G05_P001567_B00C_A00_R1.raw,RXF-393 cell
full proteome of 59 cell lines,P001567,RXF-393,00256_C06_P001567_B00G_A00_R1.raw,RXF-393 cell
full proteome of 59 cell lines,P001567,RXF-393,00256_B06_P001567_B00F_A00_R1.raw,RXF-393 cell
full proteome of 59 cell lines,P001567,RXF-393,00256_F06_P001567_B00J_A00_R1.raw,RXF-393 cell
full proteome of 59 cell lines,P001567,RXF-393,00256_F05_P001567_B00B_A00_R2.raw,RXF-393 cell
full proteome of 59 cell lines,P001567,RXF-393,00256_G06_P001567_B00K_A00_R1.raw,RXF-393 cell
full proteome of 59 cell lines,P001567,RXF-393,00256_D06_P001567_B00H_A00_R1.raw,RXF-393 cell
full proteome of 59 cell lines,P001567,RXF-393,00256_E05_P001567_B00A_A00_R2.raw,RXF-393 cell
full proteome of 59 cell lines,P001567,RXF-393,00256_E06_P001567_B00I_A00_R1.raw,RXF-393 cell
full proteome of 59 cell lines,P001569,U-251,00256_E02_P001569_B00A_A00_R2.raw,U-251 MG cell
full proteome of 59 cell lines,P001569,U-251,00256_B03_P001569_B00F_A00_R1.raw,U-251 MG cell
full proteome of 59 cell lines,P001569,U-251,00256_A03_P001569_B00E_A00_R1.raw,U-251 MG cell
full proteome of 59 cell lines,P001569,U-251,00256_G02_P001569_B00C_A00_R1.raw,U-251 MG cell
full proteome of 59 cell lines,P001569,U-251,00256_C03_P001569_B00G_A00_R1.raw,U-251 MG cell
full proteome of 59 cell lines,P001569,U-251,00256_H02_P001569_B00D_A00_R1.raw,U-251 MG cell
full proteome of 59 cell lines,P001569,U-251,00256_D03_P001569_B00H_A00_R1.raw,U-251 MG cell
full proteome of 59 cell lines,P001569,U-251,00256_F02_P001569_B00B_A00_R2.raw,U-251 MG cell
full proteome of 59 cell lines,P001569,U-251,00256_G03_P001569_B00K_A00_R1.raw,U-251 MG cell
full proteome of 59 cell lines,P001569,U-251,00256_E03_P001569_B00I_A00_R1.raw,U-251 MG cell
full proteome of 59 cell lines,P001569,U-251,00256_H03_P001569_B00L_A00_R1.raw,U-251 MG cell
full proteome of 59 cell lines,P001569,U-251,00256_F03_P001569_B00J_A00_R1.raw,U-251 MG cell
full proteome of 59 cell lines,P001570,SK-MEL-5,00256_D01_P001570_B00D_A00_R1.raw,SK-MEL-5 cell
full proteome of 59 cell lines,P001570,SK-MEL-5,00256_F01_P001570_B00F_A00_R1.raw,SK-MEL-5 cell
full proteome of 59 cell lines,P001570,SK-MEL-5,00256_B01_P001570_B00B_A00_R1.raw,SK-MEL-5 cell
full proteome of 59 cell lines,P001570,SK-MEL-5,00256_A02_P001570_B00I_A00_R1.raw,SK-MEL-5 cell
full proteome of 59 cell lines,P001570,SK-MEL-5,00256_E01_P001570_B00E_A00_R1.raw,SK-MEL-5 cell
full proteome of 59 cell lines,P001570,SK-MEL-5,00256_C01_P001570_B00C_A00_R1.raw,SK-MEL-5 cell
full proteome of 59 cell lines,P001570,SK-MEL-5,00256_B02_P001570_B00J_A00_R1.raw,SK-MEL-5 cell
full proteome of 59 cell lines,P001570,SK-MEL-5,00256_H01_P001570_B00H_A00_R1.raw,SK-MEL-5 cell
full proteome of 59 cell lines,P001570,SK-MEL-5,00256_G01_P001570_B00G_A00_R1.raw,SK-MEL-5 cell
full proteome of 59 cell lines,P001570,SK-MEL-5,00256_C02_P001570_B00K_A00_R1.raw,SK-MEL-5 cell
full proteome of 59 cell lines,P001570,SK-MEL-5,00256_A01_P001570_B00A_A00_R1.raw,SK-MEL-5 cell
full proteome of 59 cell lines,P001570,SK-MEL-5,00256_D02_P001570_B00L_A00_R1.raw,SK-MEL-5 cell
full proteome of 59 cell lines,P001744,SKOV-3,000279_H04_P001744_A00_B00H_R1.raw,SKOV-3 cell
full proteome of 59 cell lines,P001744,SKOV-3,000279_B05_P001744_A00_B00J_R1.raw,SKOV-3 cell
full proteome of 59 cell lines,P001744,SKOV-3,000279_C04_P001744_A00_B00C_R1.raw,SKOV-3 cell
full proteome of 59 cell lines,P001744,SKOV-3,000279_F04_P001744_A00_B00F_R1.raw,SKOV-3 cell
full proteome of 59 cell lines,P001744,SKOV-3,000279_B04_P001744_A00_B00B_R2.raw,SKOV-3 cell
full proteome of 59 cell lines,P001744,SKOV-3,000279_A04_P001744_A00_B00A_R1.raw,SKOV-3 cell
full proteome of 59 cell lines,P001744,SKOV-3,000279_C05_P001744_A00_B00K_R1.raw,SKOV-3 cell
full proteome of 59 cell lines,P001744,SKOV-3,000279_A05_P001744_A00_B00I_R1.raw,SKOV-3 cell
full proteome of 59 cell lines,P001744,SKOV-3,000279_G04_P001744_A00_B00G_R1.raw,SKOV-3 cell
full proteome of 59 cell lines,P001744,SKOV-3,000279_D04_P001744_A00_B00D_R1.raw,SKOV-3 cell
full proteome of 59 cell lines,P001744,SKOV-3,000279_D05_P001744_A00_B00L_R1.raw,SKOV-3 cell
full proteome of 59 cell lines,P001744,SKOV-3,000279_E04_P001744_A00_B00E_R1.raw,SKOV-3 cell
full proteome of 59 cell lines,P001745,DU-145,00279_F02_P001745_B00B_A00_R1.raw,DU-145 cell
full proteome of 59 cell lines,P001745,DU-145,00279_H03_P001745_B00L_A00_R1.raw,DU-145 cell
full proteome of 59 cell lines,P001745,DU-145,00279_G02_P001745_B00C_A00_R1.raw,DU-145 cell
full proteome of 59 cell lines,P001745,DU-145,00279_D03_P001745_B00H_A00_R1.raw,DU-145 cell
full proteome of 59 cell lines,P001745,DU-145,00279_E03_P001745_B00I_A00_R1.raw,DU-145 cell
full proteome of 59 cell lines,P001745,DU-145,00279_H02_P001745_B00D_A00_R1.raw,DU-145 cell
full proteome of 59 cell lines,P001745,DU-145,00279_E02_P001745_B00A_A00_R1.raw,DU-145 cell
full proteome of 59 cell lines,P001745,DU-145,00279_F03_P001745_B00J_A00_R1.raw,DU-145 cell
full proteome of 59 cell lines,P001745,DU-145,00279_A03_P001745_B00E_A00_R1.raw,DU-145 cell
full proteome of 59 cell lines,P001745,DU-145,00279_G03_P001745_B00K_A00_R1.raw,DU-145 cell
full proteome of 59 cell lines,P001745,DU-145,00279_C03_P001745_B00G_A00_R1.raw,DU-145 cell
full proteome of 59 cell lines,P001745,DU-145,00279_B03_P001745_B00F_A00_R1.raw,DU-145 cell
full proteome of 59 cell lines,P001747,OVCAR-3,00287_E07_P001747_B00E_A00_R1.raw,OVCAR-3 cell
full proteome of 59 cell lines,P001747,OVCAR-3,00287_B07_P001747_B00B_A00_R1.raw,OVCAR-3 cell
full proteome of 59 cell lines,P001747,OVCAR-3,00287_H07_P001747_B00H_A00_R1.raw,OVCAR-3 cell
full proteome of 59 cell lines,P001747,OVCAR-3,00287_G07_P001747_B00G_A00_R1.raw,OVCAR-3 cell
full proteome of 59 cell lines,P001747,OVCAR-3,00287_A08_P001747_B00I_A00_R1.raw,OVCAR-3 cell
full proteome of 59 cell lines,P001747,OVCAR-3,00287_B08_P001747_B00J_A00_R1.raw,OVCAR-3 cell
full proteome of 59 cell lines,P001747,OVCAR-3,00287_F07_P001747_B00F_A00_R1.raw,OVCAR-3 cell
full proteome of 59 cell lines,P001747,OVCAR-3,00287_C07_P001747_B00C_A00_R1.raw,OVCAR-3 cell
full proteome of 59 cell lines,P001747,OVCAR-3,00287_D08_P001747_B00L_A00_R1.raw,OVCAR-3 cell
full proteome of 59 cell lines,P001747,OVCAR-3,00287_C08_P001747_B00K_A00_R1.raw,OVCAR-3 cell
full proteome of 59 cell lines,P001747,OVCAR-3,00287_A07_P001747_B00A_A00_R1.raw,OVCAR-3 cell
full proteome of 59 cell lines,P001747,OVCAR-3,00287_D07_P001747_B00D_A00_R1.raw,OVCAR-3 cell
full proteome of 59 cell lines,P001748,IGROV-1,000287_B06_P001748_B00F_A00_R1.raw,IGROV-1 cell
full proteome of 59 cell lines,P001748,IGROV-1,000287_H06_P001748_B00L_A00_R1.raw,IGROV-1 cell
full proteome of 59 cell lines,P001748,IGROV-1,000287_H05_P001748_B00D_A00_R1.raw,IGROV-1 cell
full proteome of 59 cell lines,P001748,IGROV-1,000287_F06_P001748_B00J_A00_R1.raw,IGROV-1 cell
full proteome of 59 cell lines,P001748,IGROV-1,000287_F05_P001748_B00B_A00_R1.raw,IGROV-1 cell
full proteome of 59 cell lines,P001748,IGROV-1,000287_E06_P001748_B00I_A00_R1.raw,IGROV-1 cell
full proteome of 59 cell lines,P001748,IGROV-1,000287_G06_P001748_B00K_A00_R1.raw,IGROV-1 cell
full proteome of 59 cell lines,P001748,IGROV-1,000287_G05_P001748_B00C_A00_R1.raw,IGROV-1 cell
full proteome of 59 cell lines,P001748,IGROV-1,000287_A06_P001748_B00E_A00_R1.raw,IGROV-1 cell
full proteome of 59 cell lines,P001748,IGROV-1,000287_C06_P001748_B00G_A00_R1.raw,IGROV-1 cell
full proteome of 59 cell lines,P001748,IGROV-1,000287_D06_P001748_B00H_A00_R1.raw,IGROV-1 cell
full proteome of 59 cell lines,P001748,IGROV-1,000287_E05_P001748_B00A_A00_R1.raw,IGROV-1 cell
full proteome of 59 cell lines,P001749,SK-MEL-2,00287_D05_P001749_B00L_A00_R1.raw,SK-MEL-2 cell
full proteome of 59 cell lines,P001749,SK-MEL-2,00287_H04_P001749_B00H_A00_R1.raw,SK-MEL-2 cell
full proteome of 59 cell lines,P001749,SK-MEL-2,00287_B04_P001749_B00B_A00_R1.raw,SK-MEL-2 cell
full proteome of 59 cell lines,P001749,SK-MEL-2,00287_C04_P001749_B00C_A00_R1.raw,SK-MEL-2 cell
full proteome of 59 cell lines,P001749,SK-MEL-2,00287_B05_P001749_B00J_A00_R1.raw,SK-MEL-2 cell
full proteome of 59 cell lines,P001749,SK-MEL-2,00287_F04_P001749_B00F_A00_R1.raw,SK-MEL-2 cell
full proteome of 59 cell lines,P001749,SK-MEL-2,00287_E04_P001749_B00E_A00_R1.raw,SK-MEL-2 cell
full proteome of 59 cell lines,P001749,SK-MEL-2,00287_C05_P001749_B00K_A00_R1.raw,SK-MEL-2 cell
full proteome of 59 cell lines,P001749,SK-MEL-2,00287_G04_P001749_B00G_A00_R1.raw,SK-MEL-2 cell
full proteome of 59 cell lines,P001749,SK-MEL-2,00287_D04_P001749_B00D_A00_R1.raw,SK-MEL-2 cell
full proteome of 59 cell lines,P001749,SK-MEL-2,00287_A05_P001749_B00I_A00_R1.raw,SK-MEL-2 cell
full proteome of 59 cell lines,P001749,SK-MEL-2,00287_A04_P001749_B00A_A00_R1.raw,SK-MEL-2 cell
full proteome of 59 cell lines,P001750,SR,00287_B03_P001750_B00F_A00_R1.raw,SR cell
full proteome of 59 cell lines,P001750,SR,00287_C03_P001750_B00G_A00_R1.raw,SR cell
full proteome of 59 cell lines,P001750,SR,00287_H02_P001750_B00D_A00_R1.raw,SR cell
full proteome of 59 cell lines,P001750,SR,00287_E03_P001750_B00I_A00_R1.raw,SR cell
full proteome of 59 cell lines,P001750,SR,00287_F03_P001750_B00J_A00_R1.raw,SR cell
full proteome of 59 cell lines,P001750,SR,00287_A03_P001750_B00E_A00_R1.raw,SR cell
full proteome of 59 cell lines,P001750,SR,00287_D03_P001750_B00H_A00_R1.raw,SR cell
full proteome of 59 cell lines,P001750,SR,00287_E02_P001750_B00A_A00_R2.raw,SR cell
full proteome of 59 cell lines,P001750,SR,00287_F02_P001750_B00B_A00_R2.raw,SR cell
full proteome of 59 cell lines,P001750,SR,00287_H03_P001750_B00L_A00_R1.raw,SR cell
full proteome of 59 cell lines,P001750,SR,00287_G03_P001750_B00K_A00_R1.raw,SR cell
full proteome of 59 cell lines,P001750,SR,00287_G02_P001750_B00C_A00_R1.raw,SR cell
full proteome of 59 cell lines,P001888,OVCAR-4,00297_D02_P001888_B00L_A00_R1.raw,OVCAR-4 cell
full proteome of 59 cell lines,P001888,OVCAR-4,00297_E01_P001888_B00E_A00_R1.raw,OVCAR-4 cell
full proteome of 59 cell lines,P001888,OVCAR-4,00297_F01_P001888_B00F_A00_R1.raw,OVCAR-4 cell
full proteome of 59 cell lines,P001888,OVCAR-4,00297_C02_P001888_B00K_A00_R1.raw,OVCAR-4 cell
full proteome of 59 cell lines,P001888,OVCAR-4,00297_A02_P001888_B00I_A00_R1.raw,OVCAR-4 cell
full proteome of 59 cell lines,P001888,OVCAR-4,00297_G01_P001888_B00G_A00_R1.raw,OVCAR-4 cell
full proteome of 59 cell lines,P001888,OVCAR-4,00297_C01_P001888_B00C_A00_R1.raw,OVCAR-4 cell
full proteome of 59 cell lines,P001888,OVCAR-4,00297_A01_P001888_B00A_A00_R1.raw,OVCAR-4 cell
full proteome of 59 cell lines,P001888,OVCAR-4,00297_D01_P001888_B00D_A00_R1.raw,OVCAR-4 cell
full proteome of 59 cell lines,P001888,OVCAR-4,00297_B02_P001888_B00J_A00_R1.raw,OVCAR-4 cell
full proteome of 59 cell lines,P001888,OVCAR-4,00297_H01_P001888_B00H_A00_R1.raw,OVCAR-4 cell
full proteome of 59 cell lines,P001888,OVCAR-4,00297_B01_P001888_B00B_A00_R1.raw,OVCAR-4 cell
full proteome of 59 cell lines,P001891,UACC-62,00297_H06_P001891_B00L_A00_R1.raw,UACC-62 cell
full proteome of 59 cell lines,P001891,UACC-62,00297_F06_P001891_B00J_A00_R1.raw,UACC-62 cell
full proteome of 59 cell lines,P001891,UACC-62,00297_H05_P001891_B00D_A00_R1.raw,UACC-62 cell
full proteome of 59 cell lines,P001891,UACC-62,00297_G06_P001891_B00K_A00_R1.raw,UACC-62 cell
full proteome of 59 cell lines,P001891,UACC-62,00297_B06_P001891_B00F_A00_R1.raw,UACC-62 cell
full proteome of 59 cell lines,P001891,UACC-62,00297_C06_P001891_B00G_A00_R1.raw,UACC-62 cell
full proteome of 59 cell lines,P001891,UACC-62,00297_D06_P001891_B00H_A00_R1.raw,UACC-62 cell
full proteome of 59 cell lines,P001891,UACC-62,00297_F05_P001891_B00B_A00_R2.raw,UACC-62 cell
full proteome of 59 cell lines,P001891,UACC-62,00297_E05_P001891_B00A_A00_R2.raw,UACC-62 cell
full proteome of 59 cell lines,P001891,UACC-62,00297_A06_P001891_B00E_A00_R1.raw,UACC-62 cell
full proteome of 59 cell lines,P001891,UACC-62,00297_G05_P001891_B00C_A00_R1.raw,UACC-62 cell
full proteome of 59 cell lines,P001891,UACC-62,00297_E06_P001891_B00I_A00_R1.raw,UACC-62 cell
full proteome of 59 cell lines,P001892,COLO 205,000297_B08_P001892_A00_B00J_R1.raw,Colo-205 cell
full proteome of 59 cell lines,P001892,COLO 205,000297_C08_P001892_A00_B00K_R1.raw,Colo-205 cell
full proteome of 59 cell lines,P001892,COLO 205,000297_A07_P001892_A00_B00A_R1.raw,Colo-205 cell
full proteome of 59 cell lines,P001892,COLO 205,000297_B07_P001892_A00_B00B_R1.raw,Colo-205 cell
full proteome of 59 cell lines,P001892,COLO 205,000297_D08_P001892_A00_B00L_R1.raw,Colo-205 cell
full proteome of 59 cell lines,P001892,COLO 205,000297_F07_P001892_A00_B00F_R1.raw,Colo-205 cell
full proteome of 59 cell lines,P001892,COLO 205,000297_C07_P001892_A00_B00C_R1.raw,Colo-205 cell
full proteome of 59 cell lines,P001892,COLO 205,000297_D07_P001892_A00_B00D_R1.raw,Colo-205 cell
full proteome of 59 cell lines,P001892,COLO 205,000297_A08_P001892_A00_B00I_R1.raw,Colo-205 cell
full proteome of 59 cell lines,P001892,COLO 205,000297_G07_P001892_A00_B00G_R1.raw,Colo-205 cell
full proteome of 59 cell lines,P001892,COLO 205,000297_E07_P001892_A00_B00E_R1.raw,Colo-205 cell
full proteome of 59 cell lines,P001892,COLO 205,000297_H07_P001892_A00_B00H_R1.raw,Colo-205 cell
full proteome of 59 cell lines,P001897,UACC-257,00298_E02_P001897_B00A_A00_R1.raw,UACC-257 cell
full proteome of 59 cell lines,P001897,UACC-257,00298_C03_P001897_B00G_A00_R1.raw,UACC-257 cell
full proteome of 59 cell lines,P001897,UACC-257,00298_F03_P001897_B00J_A00_R1.raw,UACC-257 cell
full proteome of 59 cell lines,P001897,UACC-257,00298_D03_P001897_B00H_A00_R2.raw,UACC-257 cell
full proteome of 59 cell lines,P001897,UACC-257,00298_F02_P001897_B00B_A00_R1.raw,UACC-257 cell
full proteome of 59 cell lines,P001897,UACC-257,00298_G02_P001897_B00C_A00_R1.raw,UACC-257 cell
full proteome of 59 cell lines,P001897,UACC-257,00298_G03_P001897_B00K_A00_R1.raw,UACC-257 cell
full proteome of 59 cell lines,P001897,UACC-257,00298_E03_P001897_B00I_A00_R1.raw,UACC-257 cell
full proteome of 59 cell lines,P001897,UACC-257,00298_A03_P001897_B00E_A00_R1.raw,UACC-257 cell
full proteome of 59 cell lines,P001897,UACC-257,00298_B03_P001897_B00F_A00_R1.raw,UACC-257 cell
full proteome of 59 cell lines,P001897,UACC-257,00298_H02_P001897_B00D_A00_R1.raw,UACC-257 cell
full proteome of 59 cell lines,P001897,UACC-257,00298_H03_P001897_B00L_A00_R1.raw,UACC-257 cell
full proteome of 59 cell lines,P001899,SNB-19,00298_C06_P001899_B00G_A00_R1.raw,SNB-19 cell
full proteome of 59 cell lines,P001899,SNB-19,00298_E06_P001899_B00I_A00_R1.raw,SNB-19 cell
full proteome of 59 cell lines,P001899,SNB-19,00298_D06_P001899_B00H_A00_R1.raw,SNB-19 cell
full proteome of 59 cell lines,P001899,SNB-19,00298_F06_P001899_B00J_A00_R1.raw,SNB-19 cell
full proteome of 59 cell lines,P001899,SNB-19,00298_B06_P001899_B00F_A00_R1.raw,SNB-19 cell
full proteome of 59 cell lines,P001899,SNB-19,00298_H06_P001899_B00L_A00_R1.raw,SNB-19 cell
full proteome of 59 cell lines,P001899,SNB-19,00298_A06_P001899_B00E_A00_R1.raw,SNB-19 cell
full proteome of 59 cell lines,P001899,SNB-19,00298_H05_P001899_B00D_A00_R1.raw,SNB-19 cell
full proteome of 59 cell lines,P001899,SNB-19,00298_E05_P001899_B00A_A00_R1.raw,SNB-19 cell
full proteome of 59 cell lines,P001899,SNB-19,00298_G06_P001899_B00K_A00_R1.raw,SNB-19 cell
full proteome of 59 cell lines,P001899,SNB-19,00298_F05_P001899_B00B_A00_R1.raw,SNB-19 cell
full proteome of 59 cell lines,P001899,SNB-19,00298_G05_P001899_B00C_A00_R1.raw,SNB-19 cell
full proteome of 59 cell lines,P001903,786-O,00298_D12_P001903_B00H_A00_R1.raw,RCC 786-O cell
full proteome of 59 cell lines,P001903,786-O,00298_F12_P001903_B00J_A00_R1.raw,RCC 786-O cell
full proteome of 59 cell lines,P001903,786-O,00298_H11_P001903_B00D_A00_R1.raw,RCC 786-O cell
full proteome of 59 cell lines,P001903,786-O,00298_C12_P001903_B00G_A00_R1.raw,RCC 786-O cell
full proteome of 59 cell lines,P001903,786-O,00298_A12_P001903_B00E_A00_R1.raw,RCC 786-O cell
full proteome of 59 cell lines,P001903,786-O,00298_E12_P001903_B00I_A00_R1.raw,RCC 786-O cell
full proteome of 59 cell lines,P001903,786-O,00298_H12_P001903_B00L_A00_R1.raw,RCC 786-O cell
full proteome of 59 cell lines,P001903,786-O,00298_E11_P001903_B00A_A00_R1.raw,RCC 786-O cell
full proteome of 59 cell lines,P001903,786-O,00298_G11_P001903_B00C_A00_R1.raw,RCC 786-O cell
full proteome of 59 cell lines,P001903,786-O,00298_G12_P001903_B00K_A00_R1.raw,RCC 786-O cell
full proteome of 59 cell lines,P001903,786-O,00298_F11_P001903_B00B_A00_R1.raw,RCC 786-O cell
full proteome of 59 cell lines,P001903,786-O,00298_B12_P001903_B00F_A00_R1.raw,RCC 786-O cell
full proteome of 59 cell lines,P001904,HL-60,00296_C01_P001904_B00C_A00_R1.raw,HL-60 cell
full proteome of 59 cell lines,P001904,HL-60,00296_D01_P001904_B00D_A00_R1.raw,HL-60 cell
full proteome of 59 cell lines,P001904,HL-60,00296_C02_P001904_B00K_A00_R1.raw,HL-60 cell
full proteome of 59 cell lines,P001904,HL-60,00296_H01_P001904_B00H_A00_R1.raw,HL-60 cell
full proteome of 59 cell lines,P001904,HL-60,00296_B02_P001904_B00J_A00_R1.raw,HL-60 cell
full proteome of 59 cell lines,P001904,HL-60,00296_A02_P001904_B00I_A00_R1.raw,HL-60 cell
full proteome of 59 cell lines,P001904,HL-60,00296_A01_P001904_B00A_A00_R1.raw,HL-60 cell
full proteome of 59 cell lines,P001904,HL-60,00296_B01_P001904_B00B_A00_R1.raw,HL-60 cell
full proteome of 59 cell lines,P001904,HL-60,00296_E01_P001904_B00E_A00_R1.raw,HL-60 cell
full proteome of 59 cell lines,P001904,HL-60,00296_F01_P001904_B00F_A00_R1.raw,HL-60 cell
full proteome of 59 cell lines,P001904,HL-60,00296_D02_P001904_B00L_A00_R1.raw,HL-60 cell
full proteome of 59 cell lines,P001904,HL-60,00296_G01_P001904_B00G_A00_R1.raw,HL-60 cell
full proteome of 59 cell lines,P001905,SW620,00296_E02_P001905_B00A_A00_R1.raw,SW-620 cell
full proteome of 59 cell lines,P001905,SW620,00296_D03_P001905_B00H_A00_R1.raw,SW-620 cell
full proteome of 59 cell lines,P001905,SW620,00296_H03_P001905_B00L_A00_R1.raw,SW-620 cell
full proteome of 59 cell lines,P001905,SW620,00296_A03_P001905_B00E_A00_R1.raw,SW-620 cell
full proteome of 59 cell lines,P001905,SW620,00296_G03_P001905_B00K_A00_R1.raw,SW-620 cell
full proteome of 59 cell lines,P001905,SW620,00296_B03_P001905_B00F_A00_R1.raw,SW-620 cell
full proteome of 59 cell lines,P001905,SW620,00296_G02_P001905_B00C_A00_R1.raw,SW-620 cell
full proteome of 59 cell lines,P001905,SW620,00296_H02_P001905_B00D_A00_R1.raw,SW-620 cell
full proteome of 59 cell lines,P001905,SW620,00296_F02_P001905_B00B_A00_R1.raw,SW-620 cell
full proteome of 59 cell lines,P001905,SW620,00296_F03_P001905_B00J_A00_R1.raw,SW-620 cell
full proteome of 59 cell lines,P001905,SW620,00296_C03_P001905_B00G_A00_R1.raw,SW-620 cell
full proteome of 59 cell lines,P001905,SW620,00296_E03_P001905_B00I_A00_R1.raw,SW-620 cell
full proteome of 59 cell lines,P001906,A-549,00296_E04_P001906_B00E_A00_R2.raw,A-549 cell
full proteome of 59 cell lines,P001906,A-549,00296_G04_P001906_B00G_A00_R2.raw,A-549 cell
full proteome of 59 cell lines,P001906,A-549,00296_C04_P001906_B00C_A00_R2.raw,A-549 cell
full proteome of 59 cell lines,P001906,A-549,00296_D04_P001906_B00D_A00_R2.raw,A-549 cell
full proteome of 59 cell lines,P001906,A-549,00296_C05_P001906_B00K_A00_R2.raw,A-549 cell
full proteome of 59 cell lines,P001906,A-549,00296_D05_P001906_B00L_A00_R2.raw,A-549 cell
full proteome of 59 cell lines,P001906,A-549,00296_B05_P001906_B00J_A00_R2.raw,A-549 cell
full proteome of 59 cell lines,P001906,A-549,00296_B04_P001906_B00B_A00_R2.raw,A-549 cell
full proteome of 59 cell lines,P001906,A-549,00296_F04_P001906_B00F_A00_R2.raw,A-549 cell
full proteome of 59 cell lines,P001906,A-549,00296_H04_P001906_B00H_A00_R2.raw,A-549 cell
full proteome of 59 cell lines,P001906,A-549,00296_A05_P001906_B00I_A00_R2.raw,A-549 cell
full proteome of 59 cell lines,P003196,A-498,00441_H03_P003196_B00L_A00_R1.raw,A-498 cell
full proteome of 59 cell lines,P003196,A-498,00441_E02_P003196_B00A_A00_R1.raw,A-498 cell
full proteome of 59 cell lines,P003196,A-498,00441_G03_P003196_B00K_A00_R1.raw,A-498 cell
full proteome of 59 cell lines,P003196,A-498,00441_C03_P003196_B00G_A00_R1.raw,A-498 cell
full proteome of 59 cell lines,P003196,A-498,00441_E03_P003196_B00I_A00_R1.raw,A-498 cell
full proteome of 59 cell lines,P003196,A-498,00441_F03_P003196_B00J_A00_R1.raw,A-498 cell
full proteome of 59 cell lines,P003196,A-498,00441_A03_P003196_B00E_A00_R1.raw,A-498 cell
full proteome of 59 cell lines,P003196,A-498,00441_F02_P003196_B00B_A00_R1.raw,A-498 cell
full proteome of 59 cell lines,P003196,A-498,00441_B03_P003196_B00F_A00_R1.raw,A-498 cell
full proteome of 59 cell lines,P003196,A-498,00441_G02_P003196_B00C_A00_R1.raw,A-498 cell
full proteome of 59 cell lines,P003196,A-498,00441_D03_P003196_B00H_A00_R1.raw,A-498 cell
full proteome of 59 cell lines,P003196,A-498,00441_H02_P003196_B00D_A00_R1.raw,A-498 cell
full proteome of 59 cell lines,P003197,CCRF-CEM,00441_D04_P003197_B00D_A00_R1.raw,CCRF-CEM cell
full proteome of 59 cell lines,P003197,CCRF-CEM,00441_C05_P003197_B00K_A00_R1.raw,CCRF-CEM cell
full proteome of 59 cell lines,P003197,CCRF-CEM,00441_C04_P003197_B00C_A00_R1.raw,CCRF-CEM cell
full proteome of 59 cell lines,P003197,CCRF-CEM,00441_B04_P003197_B00B_A00_R2.raw,CCRF-CEM cell
full proteome of 59 cell lines,P003197,CCRF-CEM,00441_H04_P003197_B00H_A00_R1.raw,CCRF-CEM cell
full proteome of 59 cell lines,P003197,CCRF-CEM,00441_A04_P003197_B00A_A00_R2.raw,CCRF-CEM cell
full proteome of 59 cell lines,P003197,CCRF-CEM,00441_D05_P003197_B00L_A00_R1.raw,CCRF-CEM cell
full proteome of 59 cell lines,P003197,CCRF-CEM,00441_G04_P003197_B00G_A00_R1.raw,CCRF-CEM cell
full proteome of 59 cell lines,P003197,CCRF-CEM,00441_F04_P003197_B00F_A00_R1.raw,CCRF-CEM cell
full proteome of 59 cell lines,P003197,CCRF-CEM,00441_A05_P003197_B00I_A00_R1.raw,CCRF-CEM cell
full proteome of 59 cell lines,P003197,CCRF-CEM,00441_B05_P003197_B00J_A00_R1.raw,CCRF-CEM cell
full proteome of 59 cell lines,P003197,CCRF-CEM,00441_E04_P003197_B00E_A00_R1.raw,CCRF-CEM cell
full proteome of 59 cell lines,P003198,H23,00441_F05_P003198_B00B_A00_R2.raw,NCI-H23 cell
full proteome of 59 cell lines,P003198,H23,00441_G06_P003198_B00K_A00_R1.raw,NCI-H23 cell
full proteome of 59 cell lines,P003198,H23,00441_H05_P003198_B00D_A00_R1.raw,NCI-H23 cell
full proteome of 59 cell lines,P003198,H23,00441_D06_P003198_B00H_A00_R1.raw,NCI-H23 cell
full proteome of 59 cell lines,P003198,H23,00441_H06_P003198_B00L_A00_R1.raw,NCI-H23 cell
full proteome of 59 cell lines,P003198,H23,00441_F06_P003198_B00J_A00_R1.raw,NCI-H23 cell
full proteome of 59 cell lines,P003198,H23,00441_A06_P003198_B00E_A00_R1.raw,NCI-H23 cell
full proteome of 59 cell lines,P003198,H23,00441_B06_P003198_B00F_A00_R1.raw,NCI-H23 cell
full proteome of 59 cell lines,P003198,H23,00441_C06_P003198_B00G_A00_R1.raw,NCI-H23 cell
full proteome of 59 cell lines,P003198,H23,00441_G05_P003198_B00C_A00_R2.raw,NCI-H23 cell
full proteome of 59 cell lines,P003198,H23,00441_E06_P003198_B00I_A00_R1.raw,NCI-H23 cell
full proteome of 59 cell lines,P003198,H23,00441_E05_P003198_B00A_A00_R2.raw,NCI-H23 cell
full proteome of 59 cell lines,P003199,Malme-3M,00441_D07_P003199_B00D_A00_R1.raw,MALME-3M cell
full proteome of 59 cell lines,P003199,Malme-3M,00441_H07_P003199_B00H_A00_R1.raw,MALME-3M cell
full proteome of 59 cell lines,P003199,Malme-3M,00441_A07_P003199_B00A_A00_R1.raw,MALME-3M cell
full proteome of 59 cell lines,P003199,Malme-3M,00441_D08_P003199_B00L_A00_R1.raw,MALME-3M cell
full proteome of 59 cell lines,P003199,Malme-3M,00441_G07_P003199_B00G_A00_R1.raw,MALME-3M cell
full proteome of 59 cell lines,P003199,Malme-3M,00441_F07_P003199_B00F_A00_R1.raw,MALME-3M cell
full proteome of 59 cell lines,P003199,Malme-3M,00441_A08_P003199_B00I_A00_R1.raw,MALME-3M cell
full proteome of 59 cell lines,P003199,Malme-3M,00441_B07_P003199_B00B_A00_R1.raw,MALME-3M cell
full proteome of 59 cell lines,P003199,Malme-3M,00441_B08_P003199_B00J_A00_R1.raw,MALME-3M cell
full proteome of 59 cell lines,P003199,Malme-3M,00441_C07_P003199_B00C_A00_R1.raw,MALME-3M cell
full proteome of 59 cell lines,P003199,Malme-3M,00441_C08_P003199_B00K_A00_R1.raw,MALME-3M cell
full proteome of 59 cell lines,P003199,Malme-3M,00441_E07_P003199_B00E_A00_R1.raw,MALME-3M cell
full proteome of 59 cell lines,P003201,UO-31,00441_C10_P003201_B00C_A00_R1.raw,UO-31 cell
full proteome of 59 cell lines,P003201,UO-31,00441_A10_P003201_B00A_A00_R1.raw,UO-31 cell
full proteome of 59 cell lines,P003201,UO-31,00441_A11_P003201_B00I_A00_R1.raw,UO-31 cell
full proteome of 59 cell lines,P003201,UO-31,00441_E10_P003201_B00E_A00_R1.raw,UO-31 cell
full proteome of 59 cell lines,P003201,UO-31,00441_G10_P003201_B00G_A00_R2.raw,UO-31 cell
full proteome of 59 cell lines,P003201,UO-31,00441_B11_P003201_B00J_A00_R1.raw,UO-31 cell
full proteome of 59 cell lines,P003201,UO-31,00441_D11_P003201_B00L_A00_R1.raw,UO-31 cell
full proteome of 59 cell lines,P003201,UO-31,00441_F10_P003201_B00F_A00_R1.raw,UO-31 cell
full proteome of 59 cell lines,P003201,UO-31,00441_D10_P003201_B00D_A00_R1.raw,UO-31 cell
full proteome of 59 cell lines,P003201,UO-31,00441_H10_P003201_B00H_A00_R1.raw,UO-31 cell
full proteome of 59 cell lines,P003201,UO-31,00441_C11_P003201_B00K_A00_R1.raw,UO-31 cell
full proteome of 59 cell lines,P003201,UO-31,00441_B10_P003201_B00B_A00_R1.raw,UO-31 cell
full proteome of 59 cell lines,P003203,TK-10,00442_F01_P003203_B00F_A00_R1.raw,TK-10 cell
full proteome of 59 cell lines,P003203,TK-10,00442_A01_P003203_B00A_A00_R1.raw,TK-10 cell
full proteome of 59 cell lines,P003203,TK-10,00442_B01_P003203_B00B_A00_R1.raw,TK-10 cell
full proteome of 59 cell lines,P003203,TK-10,00442_B02_P003203_B00J_A00_R2.raw,TK-10 cell
full proteome of 59 cell lines,P003203,TK-10,00442_C01_P003203_B00C_A00_R1.raw,TK-10 cell
full proteome of 59 cell lines,P003203,TK-10,00442_C02_P003203_B00K_A00_R1.raw,TK-10 cell
full proteome of 59 cell lines,P003203,TK-10,00442_G01_P003203_B00G_A00_R2.raw,TK-10 cell
full proteome of 59 cell lines,P003203,TK-10,00442_A02_P003203_B00I_A00_R2.raw,TK-10 cell
full proteome of 59 cell lines,P003203,TK-10,00442_H01_P003203_B00H_A00_R2.raw,TK-10 cell
full proteome of 59 cell lines,P003203,TK-10,00442_D01_P003203_B00D_A00_R1.raw,TK-10 cell
full proteome of 59 cell lines,P003203,TK-10,00442_D02_P003203_B00L_A00_R2.raw,TK-10 cell
full proteome of 59 cell lines,P003203,TK-10,00442_E01_P003203_B00E_A00_R1.raw,TK-10 cell
full proteome of 59 cell lines,P003204,HOP-92,00442_D03_P003204_B00H_A00_R1.raw,HOP-92 cell
full proteome of 59 cell lines,P003204,HOP-92,00442_C03_P003204_B00G_A00_R1.raw,HOP-92 cell
full proteome of 59 cell lines,P003204,HOP-92,00442_E02_P003204_B00A_A00_R1.raw,HOP-92 cell
full proteome of 59 cell lines,P003204,HOP-92,00442_B03_P003204_B00F_A00_R1.raw,HOP-92 cell
full proteome of 59 cell lines,P003204,HOP-92,00442_H03_P003204_B00L_A00_R1.raw,HOP-92 cell
full proteome of 59 cell lines,P003204,HOP-92,00442_F02_P003204_B00B_A00_R1.raw,HOP-92 cell
full proteome of 59 cell lines,P003204,HOP-92,00442_G02_P003204_B00C_A00_R1.raw,HOP-92 cell
full proteome of 59 cell lines,P003204,HOP-92,00442_E03_P003204_B00I_A00_R1.raw,HOP-92 cell
full proteome of 59 cell lines,P003204,HOP-92,00442_F03_P003204_B00J_A00_R2.raw,HOP-92 cell
full proteome of 59 cell lines,P003204,HOP-92,00442_H02_P003204_B00D_A00_R1.raw,HOP-92 cell
full proteome of 59 cell lines,P003204,HOP-92,00442_G03_P003204_B00K_A00_R1.raw,HOP-92 cell
full proteome of 59 cell lines,P003204,HOP-92,00442_A03_P003204_B00E_A00_R1.raw,HOP-92 cell
full proteome of 59 cell lines,P003205,HCT 116,00442_D04_P003205_B00D_A00_R1.raw,HTC-116 cell
full proteome of 59 cell lines,P003205,HCT 116,00442_E04_P003205_B00E_A00_R1.raw,HTC-116 cell
full proteome of 59 cell lines,P003205,HCT 116,00442_C05_P003205_B00K_A00_R2.raw,HTC-116 cell
full proteome of 59 cell lines,P003205,HCT 116,00442_B05_P003205_B00J_A00_R1.raw,HTC-116 cell
full proteome of 59 cell lines,P003205,HCT 116,00442_G04_P003205_B00G_A00_R1.raw,HTC-116 cell
full proteome of 59 cell lines,P003205,HCT 116,00442_A04_P003205_B00A_A00_R2.raw,HTC-116 cell
full proteome of 59 cell lines,P003205,HCT 116,00442_C04_P003205_B00C_A00_R1.raw,HTC-116 cell
full proteome of 59 cell lines,P003205,HCT 116,00442_A05_P003205_B00I_A00_R1.raw,HTC-116 cell
full proteome of 59 cell lines,P003205,HCT 116,00442_D05_P003205_B00L_A00_R1.raw,HTC-116 cell
full proteome of 59 cell lines,P003205,HCT 116,00442_H04_P003205_B00H_A00_R1.raw,HTC-116 cell
full proteome of 59 cell lines,P003205,HCT 116,00442_B04_P003205_B00B_A00_R2.raw,HTC-116 cell
full proteome of 59 cell lines,P003205,HCT 116,00442_F04_P003205_B00F_A00_R2.raw,HTC-116 cell
full proteome of 59 cell lines,P003206,H322M,00442_F05_P003206_B00B_A00_R1.raw,NCI-H322M cell
full proteome of 59 cell lines,P003206,H322M,00442_B06_P003206_B00F_A00_R1.raw,NCI-H322M cell
full proteome of 59 cell lines,P003206,H322M,00442_A06_P003206_B00E_A00_R2.raw,NCI-H322M cell
full proteome of 59 cell lines,P003206,H322M,00442_E06_P003206_B00I_A00_R1.raw,NCI-H322M cell
full proteome of 59 cell lines,P003206,H322M,00442_G05_P003206_B00C_A00_R2.raw,NCI-H322M cell
full proteome of 59 cell lines,P003206,H322M,00442_C06_P003206_B00G_A00_R1.raw,NCI-H322M cell
full proteome of 59 cell lines,P003206,H322M,00442_D06_P003206_B00H_A00_R1.raw,NCI-H322M cell
full proteome of 59 cell lines,P003206,H322M,00442_F06_P003206_B00J_A00_R1.raw,NCI-H322M cell
full proteome of 59 cell lines,P003206,H322M,00442_H05_P003206_B00D_A00_R1.raw,NCI-H322M cell
full proteome of 59 cell lines,P003206,H322M,00442_G06_P003206_B00K_A00_R1.raw,NCI-H322M cell
full proteome of 59 cell lines,P003206,H322M,00442_E05_P003206_B00A_A00_R1.raw,NCI-H322M cell
full proteome of 59 cell lines,P003206,H322M,00442_H06_P003206_B00L_A00_R1.raw,NCI-H322M cell
full proteome of 59 cell lines,P003207,ACHN,00442_D07_P003207_B00D_A00_R1.raw,ACHN cell
full proteome of 59 cell lines,P003207,ACHN,00442_G07_P003207_B00G_A00_R1.raw,ACHN cell
full proteome of 59 cell lines,P003207,ACHN,00442_F07_P003207_B00F_A00_R1.raw,ACHN cell
full proteome of 59 cell lines,P003207,ACHN,00442_C08_P003207_B00K_A00_R1.raw,ACHN cell
full proteome of 59 cell lines,P003207,ACHN,00442_E07_P003207_B00E_A00_R1.raw,ACHN cell
full proteome of 59 cell lines,P003207,ACHN,00442_A07_P003207_B00A_A00_R1.raw,ACHN cell
full proteome of 59 cell lines,P003207,ACHN,00442_C07_P003207_B00C_A00_R1.raw,ACHN cell
full proteome of 59 cell lines,P003207,ACHN,00442_D08_P003207_B00L_A00_R1.raw,ACHN cell
full proteome of 59 cell lines,P003207,ACHN,00442_H07_P003207_B00H_A00_R1.raw,ACHN cell
full proteome of 59 cell lines,P003207,ACHN,00442_B08_P003207_B00J_A00_R1.raw,ACHN cell
full proteome of 59 cell lines,P003207,ACHN,00442_B07_P003207_B00B_A00_R1.raw,ACHN cell
full proteome of 59 cell lines,P003207,ACHN,00442_A08_P003207_B00I_A00_R1.raw,ACHN cell
full proteome of 59 cell lines,P003208,HCT 15,00442_H07_P003208_B00D_A00_R1.raw,HCT-15 cell
full proteome of 59 cell lines,P003208,HCT 15,00442_D08_P003208_B00H_A00_R1.raw,HCT-15 cell
full proteome of 59 cell lines,P003208,HCT 15,00442_B08_P003208_B00F_A00_R1.raw,HCT-15 cell
full proteome of 59 cell lines,P003208,HCT 15,00442_H08_P003208_B00L_A00_R1.raw,HCT-15 cell
full proteome of 59 cell lines,P003208,HCT 15,00442_E08_P003208_B00I_A00_R1.raw,HCT-15 cell
full proteome of 59 cell lines,P003208,HCT 15,00442_G07_P003208_B00C_A00_R1.raw,HCT-15 cell
full proteome of 59 cell lines,P003208,HCT 15,00442_G08_P003208_B00K_A00_R1.raw,HCT-15 cell
full proteome of 59 cell lines,P003208,HCT 15,00442_A08_P003208_B00E_A00_R1.raw,HCT-15 cell
full proteome of 59 cell lines,P003208,HCT 15,00442_E07_P003208_B00A_A00_R1.raw,HCT-15 cell
full proteome of 59 cell lines,P003208,HCT 15,00442_F07_P003208_B00B_A00_R1.raw,HCT-15 cell
full proteome of 59 cell lines,P003208,HCT 15,00442_F08_P003208_B00J_A00_R1.raw,HCT-15 cell
full proteome of 59 cell lines,P003208,HCT 15,00442_C08_P003208_B00G_A00_R1.raw,HCT-15 cell
full proteome of 59 cell lines,P003357,Caki-1,00463_G05_P003357_B00C_A00_R1.raw,Caki-1 cell
full proteome of 59 cell lines,P003357,Caki-1,00463_E05_P003357_B00A_A00_R1.raw,Caki-1 cell
full proteome of 59 cell lines,P003357,Caki-1,00463_B06_P003357_B00F_A00_R2.raw,Caki-1 cell
full proteome of 59 cell lines,P003357,Caki-1,00463_H06_P003357_B00L_A00_R1.raw,Caki-1 cell
full proteome of 59 cell lines,P003357,Caki-1,00463_A06_P003357_B00E_A00_R1.raw,Caki-1 cell
full proteome of 59 cell lines,P003357,Caki-1,00463_D06_P003357_B00H_A00_R1.raw,Caki-1 cell
full proteome of 59 cell lines,P003357,Caki-1,00463_G06_P003357_B00K_A00_R1.raw,Caki-1 cell
full proteome of 59 cell lines,P003357,Caki-1,00463_H05_P003357_B00D_A00_R1.raw,Caki-1 cell
full proteome of 59 cell lines,P003357,Caki-1,00463_C06_P003357_B00G_A00_R1.raw,Caki-1 cell
full proteome of 59 cell lines,P003357,Caki-1,00463_F05_P003357_B00B_A00_R1.raw,Caki-1 cell
full proteome of 59 cell lines,P003357,Caki-1,00463_F06_P003357_B00J_A00_R1.raw,Caki-1 cell
full proteome of 59 cell lines,P003357,Caki-1,00463_E06_P003357_B00I_A00_R1.raw,Caki-1 cell
full proteome of 59 cell lines,P003358,SF-539,00463_E04_P003358_B00E_A00_R1.raw,SF-539 cell
full proteome of 59 cell lines,P003358,SF-539,00463_D04_P003358_B00D_A00_R1.raw,SF-539 cell
full proteome of 59 cell lines,P003358,SF-539,00463_B05_P003358_B00J_A00_R1.raw,SF-539 cell
full proteome of 59 cell lines,P003358,SF-539,00463_C04_P003358_B00C_A00_R1.raw,SF-539 cell
full proteome of 59 cell lines,P003358,SF-539,00463_F04_P003358_B00F_A00_R1.raw,SF-539 cell
full proteome of 59 cell lines,P003358,SF-539,00463_H04_P003358_B00H_A00_R1.raw,SF-539 cell
full proteome of 59 cell lines,P003358,SF-539,00463_B04_P003358_B00B_A00_R1.raw,SF-539 cell
full proteome of 59 cell lines,P003358,SF-539,00463_C05_P003358_B00K_A00_R1.raw,SF-539 cell
full proteome of 59 cell lines,P003358,SF-539,00463_A04_P003358_B00A_A00_R1.raw,SF-539 cell
full proteome of 59 cell lines,P003358,SF-539,00463_A05_P003358_B00I_A00_R1.raw,SF-539 cell
full proteome of 59 cell lines,P003358,SF-539,00463_D05_P003358_B00L_A00_R1.raw,SF-539 cell
full proteome of 59 cell lines,P003358,SF-539,00463_G04_P003358_B00G_A00_R1.raw,SF-539 cell
full proteome of 59 cell lines,P003359,RPMI 8226,00463_D03_P003359_B00H_A00_R1.raw,RPMI-8226 cell
full proteome of 59 cell lines,P003359,RPMI 8226,00463_G03_P003359_B00K_A00_R1.raw,RPMI-8226 cell
full proteome of 59 cell lines,P003359,RPMI 8226,00463_F02_P003359_B00B_A00_R1.raw,RPMI-8226 cell
full proteome of 59 cell lines,P003359,RPMI 8226,00463_A03_P003359_B00E_A00_R1.raw,RPMI-8226 cell
full proteome of 59 cell lines,P003359,RPMI 8226,00463_E03_P003359_B00I_A00_R1.raw,RPMI-8226 cell
full proteome of 59 cell lines,P003359,RPMI 8226,00463_F03_P003359_B00J_A00_R1.raw,RPMI-8226 cell
full proteome of 59 cell lines,P003359,RPMI 8226,00463_B03_P003359_B00F_A00_R1.raw,RPMI-8226 cell
full proteome of 59 cell lines,P003359,RPMI 8226,00463_C03_P003359_B00G_A00_R1.raw,RPMI-8226 cell
full proteome of 59 cell lines,P003359,RPMI 8226,00463_G02_P003359_B00C_A00_R1.raw,RPMI-8226 cell
full proteome of 59 cell lines,P003359,RPMI 8226,00463_E02_P003359_B00A_A00_R1.raw,RPMI-8226 cell
full proteome of 59 cell lines,P003359,RPMI 8226,00463_H02_P003359_B00D_A00_R1.raw,RPMI-8226 cell
full proteome of 59 cell lines,P003359,RPMI 8226,00463_H03_P003359_B00L_A00_R1.raw,RPMI-8226 cell
full proteome of 59 cell lines,P003360,SF-295,00463_H01_P003360_B00H_A00_R1.raw,SF-295 cell
full proteome of 59 cell lines,P003360,SF-295,00463_D02_P003360_B00L_A00_R1.raw,SF-295 cell
full proteome of 59 cell lines,P003360,SF-295,00463_D01_P003360_B00D_A00_R1.raw,SF-295 cell
full proteome of 59 cell lines,P003360,SF-295,00463_G01_P003360_B00G_A00_R1.raw,SF-295 cell
full proteome of 59 cell lines,P003360,SF-295,00463_C02_P003360_B00K_A00_R1.raw,SF-295 cell
full proteome of 59 cell lines,P003360,SF-295,00463_C01_P003360_B00C_A00_R1.raw,SF-295 cell
full proteome of 59 cell lines,P003360,SF-295,00463_E01_P003360_B00E_A00_R1.raw,SF-295 cell
full proteome of 59 cell lines,P003360,SF-295,00463_A01_P003360_B00A_A00_R2.raw,SF-295 cell
full proteome of 59 cell lines,P003360,SF-295,00463_B02_P003360_B00J_A00_R1.raw,SF-295 cell
full proteome of 59 cell lines,P003360,SF-295,00463_A02_P003360_B00I_A00_R1.raw,SF-295 cell
full proteome of 59 cell lines,P003360,SF-295,00463_B01_P003360_B00B_A00_R1.raw,SF-295 cell
full proteome of 59 cell lines,P003360,SF-295,00463_F01_P003360_B00F_A00_R1.raw,SF-295 cell
full proteome of 59 cell lines,P003361,MOLT-4,00463_H12_P003361_B00L_A00_R1.raw,MOLT-4 cell
full proteome of 59 cell lines,P003361,MOLT-4,00463_G12_P003361_B00K_A00_R1.raw,MOLT-4 cell
full proteome of 59 cell lines,P003361,MOLT-4,00463_D12_P003361_B00H_A00_R1.raw,MOLT-4 cell
full proteome of 59 cell lines,P003361,MOLT-4,00463_G11_P003361_B00C_A00_R1.raw,MOLT-4 cell
full proteome of 59 cell lines,P003361,MOLT-4,00463_H11_P003361_B00D_A00_R1.raw,MOLT-4 cell
full proteome of 59 cell lines,P003361,MOLT-4,00463_E11_P003361_B00A_A00_R1.raw,MOLT-4 cell
full proteome of 59 cell lines,P003361,MOLT-4,00463_E12_P003361_B00I_A00_R1.raw,MOLT-4 cell
full proteome of 59 cell lines,P003361,MOLT-4,00463_B12_P003361_B00F_A00_R1.raw,MOLT-4 cell
full proteome of 59 cell lines,P003361,MOLT-4,00463_A12_P003361_B00E_A00_R1.raw,MOLT-4 cell
full proteome of 59 cell lines,P003361,MOLT-4,00463_C12_P003361_B00G_A00_R1.raw,MOLT-4 cell
full proteome of 59 cell lines,P003361,MOLT-4,00463_F12_P003361_B00J_A00_R1.raw,MOLT-4 cell
full proteome of 59 cell lines,P003361,MOLT-4,00463_F11_P003361_B00B_A00_R1.raw,MOLT-4 cell
full proteome of 59 cell lines,P003362,MCF-7,00463_D10_P003362_B00D_A00_R1.raw,MCF-7 cell
full proteome of 59 cell lines,P003362,MCF-7,00463_F10_P003362_B00F_A00_R1.raw,MCF-7 cell
full proteome of 59 cell lines,P003362,MCF-7,00463_B10_P003362_B00B_A00_R1.raw,MCF-7 cell
full proteome of 59 cell lines,P003362,MCF-7,00463_C10_P003362_B00C_A00_R1.raw,MCF-7 cell
full proteome of 59 cell lines,P003362,MCF-7,00463_E10_P003362_B00E_A00_R1.raw,MCF-7 cell
full proteome of 59 cell lines,P003362,MCF-7,00463_A10_P003362_B00A_A00_R1.raw,MCF-7 cell
full proteome of 59 cell lines,P003362,MCF-7,00463_C11_P003362_B00K_A00_R1.raw,MCF-7 cell
full proteome of 59 cell lines,P003362,MCF-7,00463_G10_P003362_B00G_A00_R1.raw,MCF-7 cell
full proteome of 59 cell lines,P003362,MCF-7,00463_B11_P003362_B00J_A00_R1.raw,MCF-7 cell
full proteome of 59 cell lines,P003362,MCF-7,00463_H10_P003362_B00H_A00_R1.raw,MCF-7 cell
full proteome of 59 cell lines,P003362,MCF-7,00463_D11_P003362_B00L_A00_R1.raw,MCF-7 cell
full proteome of 59 cell lines,P003362,MCF-7,00463_A11_P003362_B00I_A00_R1.raw,MCF-7 cell
full proteome of 59 cell lines,P003363,OVCAR-5,00463_C09_P003363_B00G_A00_R1.raw,OVCAR-5 cell
full proteome of 59 cell lines,P003363,OVCAR-5,00463_F09_P003363_B00J_A00_R1.raw,OVCAR-5 cell
full proteome of 59 cell lines,P003363,OVCAR-5,00463_G08_P003363_B00C_A00_R1.raw,OVCAR-5 cell
full proteome of 59 cell lines,P003363,OVCAR-5,00463_D09_P003363_B00H_A00_R1.raw,OVCAR-5 cell
full proteome of 59 cell lines,P003363,OVCAR-5,00463_H09_P003363_B00L_A00_R1.raw,OVCAR-5 cell
full proteome of 59 cell lines,P003363,OVCAR-5,00463_A09_P003363_B00E_A00_R1.raw,OVCAR-5 cell
full proteome of 59 cell lines,P003363,OVCAR-5,00463_B09_P003363_B00F_A00_R1.raw,OVCAR-5 cell
full proteome of 59 cell lines,P003363,OVCAR-5,00463_E08_P003363_B00A_A00_R1.raw,OVCAR-5 cell
full proteome of 59 cell lines,P003363,OVCAR-5,00463_E09_P003363_B00I_A00_R1.raw,OVCAR-5 cell
full proteome of 59 cell lines,P003363,OVCAR-5,00463_F08_P003363_B00B_A00_R1.raw,OVCAR-5 cell
full proteome of 59 cell lines,P003363,OVCAR-5,00463_G09_P003363_B00K_A00_R1.raw,OVCAR-5 cell
full proteome of 59 cell lines,P003363,OVCAR-5,00463_H08_P003363_B00D_A00_R1.raw,OVCAR-5 cell
full proteome of 59 cell lines,P003364,HOP-92,00463_B08_P003364_B00J_A00_R1.raw,HOP-92 cell
full proteome of 59 cell lines,P003364,HOP-92,00463_H07_P003364_B00H_A00_R1.raw,HOP-92 cell
full proteome of 59 cell lines,P003364,HOP-92,00463_B07_P003364_B00B_A00_R1.raw,HOP-92 cell
full proteome of 59 cell lines,P003364,HOP-92,00463_E07_P003364_B00E_A00_R1.raw,HOP-92 cell
full proteome of 59 cell lines,P003364,HOP-92,00463_D07_P003364_B00D_A00_R2.raw,HOP-92 cell
full proteome of 59 cell lines,P003364,HOP-92,00463_D08_P003364_B00L_A00_R1.raw,HOP-92 cell
full proteome of 59 cell lines,P003364,HOP-92,00463_G07_P003364_B00G_A00_R1.raw,HOP-92 cell
full proteome of 59 cell lines,P003364,HOP-92,00463_C08_P003364_B00K_A00_R1.raw,HOP-92 cell
full proteome of 59 cell lines,P003364,HOP-92,00463_C07_P003364_B00C_A00_R1.raw,HOP-92 cell
full proteome of 59 cell lines,P003364,HOP-92,00463_F07_P003364_B00F_A00_R1.raw,HOP-92 cell
full proteome of 59 cell lines,P003364,HOP-92,00463_A08_P003364_B00I_A00_R1.raw,HOP-92 cell
full proteome of 59 cell lines,P003364,HOP-92,00463_A07_P003364_B00A_A00_R1.raw,HOP-92 cell
full proteome of 59 cell lines,P003376,SF-268,00469_B05_P003376_B00D_A00_R1.raw,SF-268 cell
full proteome of 59 cell lines,P003376,SF-268,00469_H05_P003376_B00J_A00_R1.raw,SF-268 cell
full proteome of 59 cell lines,P003376,SF-268,00469_G05_P003376_B00I_A00_R1.raw,SF-268 cell
full proteome of 59 cell lines,P003376,SF-268,00469_F05_P003376_B00H_A00_R1.raw,SF-268 cell
full proteome of 59 cell lines,P003376,SF-268,00469_A05_P003376_B00C_A00_R1.raw,SF-268 cell
full proteome of 59 cell lines,P003376,SF-268,00469_H04_P003376_B00B_A00_R1.raw,SF-268 cell
full proteome of 59 cell lines,P003376,SF-268,00469_B06_P003376_B00L_A00_R1.raw,SF-268 cell
full proteome of 59 cell lines,P003376,SF-268,00469_D05_P003376_B00F_A00_R1.raw,SF-268 cell
full proteome of 59 cell lines,P003376,SF-268,00469_A06_P003376_B00K_A00_R1.raw,SF-268 cell
full proteome of 59 cell lines,P003376,SF-268,00469_E05_P003376_B00G_A00_R1.raw,SF-268 cell
full proteome of 59 cell lines,P003376,SF-268,00469_G04_P003376_B00A_A00_R1.raw,SF-268 cell
full proteome of 59 cell lines,P003376,SF-268,00469_C05_P003376_B00E_A00_R1.raw,SF-268 cell
full proteome of 59 cell lines,P003381,H460,00471_C04_P003381_B00C_A00_R1.raw,NCI-H460 cell
full proteome of 59 cell lines,P003381,H460,00471_C05_P003381_B00K_A00_R1.raw,NCI-H460 cell
full proteome of 59 cell lines,P003381,H460,00471_G04_P003381_B00G_A00_R1.raw,NCI-H460 cell
full proteome of 59 cell lines,P003381,H460,00471_H04_P003381_B00H_A00_R1.raw,NCI-H460 cell
full proteome of 59 cell lines,P003381,H460,00471_B05_P003381_B00J_A00_R1.raw,NCI-H460 cell
full proteome of 59 cell lines,P003381,H460,00471_A05_P003381_B00I_A00_R1.raw,NCI-H460 cell
full proteome of 59 cell lines,P003381,H460,00471_B04_P003381_B00B_A00_R1.raw,NCI-H460 cell
full proteome of 59 cell lines,P003381,H460,00471_E04_P003381_B00E_A00_R1.raw,NCI-H460 cell
full proteome of 59 cell lines,P003381,H460,00471_D05_P003381_B00L_A00_R1.raw,NCI-H460 cell
full proteome of 59 cell lines,P003381,H460,00471_A04_P003381_B00A_A00_R2.raw,NCI-H460 cell
full proteome of 59 cell lines,P003381,H460,00471_D04_P003381_B00D_A00_R1.raw,NCI-H460 cell
full proteome of 59 cell lines,P003381,H460,00471_F04_P003381_B00F_A00_R1.raw,NCI-H460 cell
full proteome of 59 cell lines,P003383,OVCAR-8,00471_C01_P003383_B00C_A00_R1.raw,OVCAR-8/ADR cell
full proteome of 59 cell lines,P003383,OVCAR-8,00471_E01_P003383_B00E_A00_R1.raw,OVCAR-8/ADR cell
full proteome of 59 cell lines,P003383,OVCAR-8,00471_B02_P003383_B00J_A00_R1.raw,OVCAR-8/ADR cell
full proteome of 59 cell lines,P003383,OVCAR-8,00471_D01_P003383_B00D_A00_R1.raw,OVCAR-8/ADR cell
full proteome of 59 cell lines,P003383,OVCAR-8,00471_H01_P003383_B00H_A00_R1.raw,OVCAR-8/ADR cell
full proteome of 59 cell lines,P003383,OVCAR-8,00471_F01_P003383_B00F_A00_R1.raw,OVCAR-8/ADR cell
full proteome of 59 cell lines,P003383,OVCAR-8,00471_D02_P003383_B00L_A00_R1.raw,OVCAR-8/ADR cell
full proteome of 59 cell lines,P003383,OVCAR-8,00471_A02_P003383_B00I_A00_R1.raw,OVCAR-8/ADR cell
full proteome of 59 cell lines,P003383,OVCAR-8,00471_C02_P003383_B00K_A00_R1.raw,OVCAR-8/ADR cell
full proteome of 59 cell lines,P003383,OVCAR-8,00471_A01_P003383_B00A_A00_R1.raw,OVCAR-8/ADR cell
full proteome of 59 cell lines,P003383,OVCAR-8,00471_B01_P003383_B00B_A00_R1.raw,OVCAR-8/ADR cell
full proteome of 59 cell lines,P003383,OVCAR-8,00471_G01_P003383_B00G_A00_R2.raw,OVCAR-8/ADR cell
full proteome of 59 cell lines,P003487,PC-3,00483_H01_P003487_B00H_A00_R2.raw,PC-3 cell
full proteome of 59 cell lines,P003487,PC-3,00483_A01_P003487_B00A_A00_R2.raw,PC-3 cell
full proteome of 59 cell lines,P003487,PC-3,00483_F01_P003487_B00F_A00_R1.raw,PC-3 cell
full proteome of 59 cell lines,P003487,PC-3,00483_G01_P003487_B00G_A00_R2.raw,PC-3 cell
full proteome of 59 cell lines,P003487,PC-3,00483_C02_P003487_B00K_A00_R2.raw,PC-3 cell
full proteome of 59 cell lines,P003487,PC-3,00483_E01_P003487_B00E_A00_R2.raw,PC-3 cell
full proteome of 59 cell lines,P003487,PC-3,00483_D01_P003487_B00D_A00_R1.raw,PC-3 cell
full proteome of 59 cell lines,P003487,PC-3,00483_D02_P003487_B00L_A00_R2.raw,PC-3 cell
full proteome of 59 cell lines,P003487,PC-3,00483_B02_P003487_B00J_A00_R2.raw,PC-3 cell
full proteome of 59 cell lines,P003487,PC-3,00483_B01_P003487_B00B_A00_R2.raw,PC-3 cell
full proteome of 59 cell lines,P003487,PC-3,00483_A02_P003487_B00I_A00_R2.raw,PC-3 cell
full proteome of 59 cell lines,P003487,PC-3,00483_C01_P003487_B00C_A00_R2.raw,PC-3 cell
deep proteome of 9 cell lines,P003811,,00522_G03_P003811_B0W_A00_R1.raw,Colo-205 cell
deep proteome of 9 cell lines,P003811,,00522_B03_P003811_B0R_A00_R1.raw,Colo-205 cell
deep proteome of 9 cell lines,P003811,,00522_F03_P003811_B0V_A00_R1.raw,Colo-205 cell
deep proteome of 9 cell lines,P003811,,00522_B01_P003811_B0B_A00_R1.raw,Colo-205 cell
deep proteome of 9 cell lines,P003811,,00522_H01_P003811_B0H_A00_R1.raw,Colo-205 cell
deep proteome of 9 cell lines,P003811,,00522_H02_P003811_B0P_A00_R1.raw,Colo-205 cell
deep proteome of 9 cell lines,P003811,,00522_E02_P003811_B0M_A00_R1.raw,Colo-205 cell
deep proteome of 9 cell lines,P003811,,00522_G01_P003811_B0G_A00_R1.raw,Colo-205 cell
deep proteome of 9 cell lines,P003811,,00522_C03_P003811_B0S_A00_R1.raw,Colo-205 cell
deep proteome of 9 cell lines,P003811,,00522_D01_P003811_B0D_A00_R1.raw,Colo-205 cell
deep proteome of 9 cell lines,P003811,,00522_D03_P003811_B0T_A00_R1.raw,Colo-205 cell
deep proteome of 9 cell lines,P003811,,00522_H03_P003811_B0X_A00_R1.raw,Colo-205 cell
deep proteome of 9 cell lines,P003811,,00522_E01_P003811_B0E_A00_R1.raw,Colo-205 cell
deep proteome of 9 cell lines,P003811,,00522_B02_P003811_B0J_A00_R1.raw,Colo-205 cell
deep proteome of 9 cell lines,P003811,,00522_A03_P003811_B0Q_A00_R1.raw,Colo-205 cell
deep proteome of 9 cell lines,P003811,,00522_A02_P003811_B0I_A00_R1.raw,Colo-205 cell
deep proteome of 9 cell lines,P003811,,00522_F02_P003811_B0N_A00_R1.raw,Colo-205 cell
deep proteome of 9 cell lines,P003811,,00522_G02_P003811_B0O_A00_R1.raw,Colo-205 cell
deep proteome of 9 cell lines,P003811,,00522_E03_P003811_B0U_A00_R1.raw,Colo-205 cell
deep proteome of 9 cell lines,P003811,,00522_C01_P003811_B0C_A00_R1.raw,Colo-205 cell
deep proteome of 9 cell lines,P003811,,00522_C02_P003811_B0K_A00_R1.raw,Colo-205 cell
deep proteome of 9 cell lines,P003811,,00522_F01_P003811_B0F_A00_R1.raw,Colo-205 cell
deep proteome of 9 cell lines,P003811,,00522_D02_P003811_B0L_A00_R1.raw,Colo-205 cell
deep proteome of 9 cell lines,P003811,,00522_A01_P003811_B0A_A00_R1.raw,Colo-205 cell
deep proteome of 9 cell lines,P003812,,00522_E04_P003812_B0E_A00_R1.raw,RXF-393 cell
deep proteome of 9 cell lines,P003812,,00522_C04_P003812_B0C_A00_R1.raw,RXF-393 cell
deep proteome of 9 cell lines,P003812,,00522_B05_P003812_B0J_A00_R1.raw,RXF-393 cell
deep proteome of 9 cell lines,P003812,,00522_C06_P003812_B0S_A00_R1.raw,RXF-393 cell
deep proteome of 9 cell lines,P003812,,00522_D06_P003812_B0T_A00_R1.raw,RXF-393 cell
deep proteome of 9 cell lines,P003812,,00522_E06_P003812_B0U_A00_R1.raw,RXF-393 cell
deep proteome of 9 cell lines,P003812,,00522_H06_P003812_B0X_A00_R1.raw,RXF-393 cell
deep proteome of 9 cell lines,P003812,,00522_G05_P003812_B0O_A00_R1.raw,RXF-393 cell
deep proteome of 9 cell lines,P003812,,00522_F06_P003812_B0V_A00_R1.raw,RXF-393 cell
deep proteome of 9 cell lines,P003812,,00522_A06_P003812_B0Q_A00_R1.raw,RXF-393 cell
deep proteome of 9 cell lines,P003812,,00522_F04_P003812_B0F_A00_R1.raw,RXF-393 cell
deep proteome of 9 cell lines,P003812,,00522_G06_P003812_B0W_A00_R1.raw,RXF-393 cell
deep proteome of 9 cell lines,P003812,,00522_B06_P003812_B0R_A00_R1.raw,RXF-393 cell
deep proteome of 9 cell lines,P003812,,00522_D05_P003812_B0L_A00_R1.raw,RXF-393 cell
deep proteome of 9 cell lines,P003812,,00522_A05_P003812_B0I_A00_R1.raw,RXF-393 cell
deep proteome of 9 cell lines,P003812,,00522_D04_P003812_B0D_A00_R1.raw,RXF-393 cell
deep proteome of 9 cell lines,P003812,,00522_F05_P003812_B0N_A00_R1.raw,RXF-393 cell
deep proteome of 9 cell lines,P003812,,00522_B04_P003812_B0B_A00_R1.raw,RXF-393 cell
deep proteome of 9 cell lines,P003812,,00522_C05_P003812_B0K_A00_R1.raw,RXF-393 cell
deep proteome of 9 cell lines,P003812,,00522_G04_P003812_B0G_A00_R1.raw,RXF-393 cell
deep proteome of 9 cell lines,P003812,,00522_H05_P003812_B0P_A00_R1.raw,RXF-393 cell
deep proteome of 9 cell lines,P003812,,00522_H04_P003812_B0H_A00_R1.raw,RXF-393 cell
deep proteome of 9 cell lines,P003812,,00522_E05_P003812_B0M_A00_R1.raw,RXF-393 cell
deep proteome of 9 cell lines,P003812,,00522_A04_P003812_B0A_A00_R1.raw,RXF-393 cell
deep proteome of 9 cell lines,P003813,,00522_D09_P003813_B0T_A00_R1.raw,PC-3 cell
deep proteome of 9 cell lines,P003813,,00522_A09_P003813_B0Q_A00_R1.raw,PC-3 cell
deep proteome of 9 cell lines,P003813,,00522_H07_P003813_B0H_A00_R1.raw,PC-3 cell
deep proteome of 9 cell lines,P003813,,00522_E08_P003813_B0M_A00_R1.raw,PC-3 cell
deep proteome of 9 cell lines,P003813,,00522_B07_P003813_B0B_A00_R1.raw,PC-3 cell
deep proteome of 9 cell lines,P003813,,00522_G07_P003813_B0G_A00_R1.raw,PC-3 cell
deep proteome of 9 cell lines,P003813,,00522_H08_P003813_B0P_A00_R1.raw,PC-3 cell
deep proteome of 9 cell lines,P003813,,00522_A07_P003813_B0I_A00_R1.raw,PC-3 cell
deep proteome of 9 cell lines,P003813,,00522_B08_P003813_B0J_A00_R1.raw,PC-3 cell
deep proteome of 9 cell lines,P003813,,00522_A07_P003813_B0A_A00_R1.raw,PC-3 cell
deep proteome of 9 cell lines,P003813,,00522_G08_P003813_B0O_A00_R1.raw,PC-3 cell
deep proteome of 9 cell lines,P003813,,00522_C08_P003813_B0K_A00_R1.raw,PC-3 cell
deep proteome of 9 cell lines,P003813,,00522_G09_P003813_B0W_A00_R1.raw,PC-3 cell
deep proteome of 9 cell lines,P003813,,00522_F09_P003813_B0V_A00_R1.raw,PC-3 cell
deep proteome of 9 cell lines,P003813,,00522_F08_P003813_B0N_A00_R1.raw,PC-3 cell
deep proteome of 9 cell lines,P003813,,00522_D08_P003813_B0L_A00_R1.raw,PC-3 cell
deep proteome of 9 cell lines,P003813,,00522_H09_P003813_B0X_A00_R1.raw,PC-3 cell
deep proteome of 9 cell lines,P003813,,00522_B09_P003813_B0R_A00_R1.raw,PC-3 cell
deep proteome of 9 cell lines,P003813,,00522_F07_P003813_B0F_A00_R1.raw,PC-3 cell
deep proteome of 9 cell lines,P003813,,00522_D07_P003813_B0D_A00_R1.raw,PC-3 cell
deep proteome of 9 cell lines,P003813,,00522_C07_P003813_B0C_A00_R1.raw,PC-3 cell
deep proteome of 9 cell lines,P003813,,00522_C09_P003813_B0S_A00_R1.raw,PC-3 cell
deep proteome of 9 cell lines,P003813,,00522_E07_P003813_B0E_A00_R1.raw,PC-3 cell
deep proteome of 9 cell lines,P003813,,00522_E09_P003813_B0U_A00_R1.raw,PC-3 cell
deep proteome of 9 cell lines,P003814,,00522_D12_P003814_B0T_A00_R1.raw,NCI-H460 cell
deep proteome of 9 cell lines,P003814,,00522_H10_P003814_B0H_A00_R1.raw,NCI-H460 cell
deep proteome of 9 cell lines,P003814,,00522_G10_P003814_B0G_A00_R1.raw,NCI-H460 cell
deep proteome of 9 cell lines,P003814,,00522_C10_P003814_B0C_A00_R1.raw,NCI-H460 cell
deep proteome of 9 cell lines,P003814,,00522_B10_P003814_B0B_A00_R1.raw,NCI-H460 cell
deep proteome of 9 cell lines,P003814,,00522_A11_P003814_B0I_A00_R1.raw,NCI-H460 cell
deep proteome of 9 cell lines,P003814,,00522_H12_P003814_B0X_A00_R1.raw,NCI-H460 cell
deep proteome of 9 cell lines,P003814,,00522_F10_P003814_B0F_A00_R1.raw,NCI-H460 cell
deep proteome of 9 cell lines,P003814,,00522_E11_P003814_B0M_A00_R1.raw,NCI-H460 cell
deep proteome of 9 cell lines,P003814,,00522_B11_P003814_B0J_A00_R1.raw,NCI-H460 cell
deep proteome of 9 cell lines,P003814,,00522_G11_P003814_B0O_A00_R1.raw,NCI-H460 cell
deep proteome of 9 cell lines,P003814,,00522_C12_P003814_B0S_A00_R1.raw,NCI-H460 cell
deep proteome of 9 cell lines,P003814,,00522_F12_P003814_B0V_A00_R1.raw,NCI-H460 cell
deep proteome of 9 cell lines,P003814,,00522_F11_P003814_B0N_A00_R1.raw,NCI-H460 cell
deep proteome of 9 cell lines,P003814,,00522_H11_P003814_B0P_A00_R1.raw,NCI-H460 cell
deep proteome of 9 cell lines,P003814,,00522_G12_P003814_B0W_A00_R1.raw,NCI-H460 cell
deep proteome of 9 cell lines,P003814,,00522_B12_P003814_B0R_A00_R1.raw,NCI-H460 cell
deep proteome of 9 cell lines,P003814,,00522_E10_P003814_B0E_A00_R1.raw,NCI-H460 cell
deep proteome of 9 cell lines,P003814,,00522_A12_P003814_B0Q_A00_R1.raw,NCI-H460 cell
deep proteome of 9 cell lines,P003814,,00522_D11_P003814_B0L_A00_R1.raw,NCI-H460 cell
deep proteome of 9 cell lines,P003814,,00522_E12_P003814_B0U_A00_R1.raw,NCI-H460 cell
deep proteome of 9 cell lines,P003814,,00522_D10_P003814_B0D_A00_R1.raw,NCI-H460 cell
deep proteome of 9 cell lines,P003814,,00522_C11_P003814_B0K_A00_R1.raw,NCI-H460 cell
deep proteome of 9 cell lines,P003814,,00522_A10_P003814_B0A_A00_R1.raw,NCI-H460 cell
deep proteome of 9 cell lines,P003815,U-251,00523_C03_P003815_B0S_A00_R1.raw,U-251 MG cell
deep proteome of 9 cell lines,P003815,U-251,00523_E02_P003815_B0M_A00_R1.raw,U-251 MG cell
deep proteome of 9 cell lines,P003815,U-251,00523_F01_P003815_B0F_A00_R1.raw,U-251 MG cell
deep proteome of 9 cell lines,P003815,U-251,00523_D02_P003815_B0L_A00_R1.raw,U-251 MG cell
deep proteome of 9 cell lines,P003815,U-251,00523_G01_P003815_B0G_A00_R1.raw,U-251 MG cell
deep proteome of 9 cell lines,P003815,U-251,00523_E03_P003815_B0U_A00_R1.raw,U-251 MG cell
deep proteome of 9 cell lines,P003815,U-251,00523_B03_P003815_B0R_A00_R1.raw,U-251 MG cell
deep proteome of 9 cell lines,P003815,U-251,00523_A02_P003815_B0I_A00_R1.raw,U-251 MG cell
deep proteome of 9 cell lines,P003815,U-251,00523_A03_P003815_B0Q_A00_R1.raw,U-251 MG cell
deep proteome of 9 cell lines,P003815,U-251,00523_E01_P003815_B0E_A00_R1.raw,U-251 MG cell
deep proteome of 9 cell lines,P003815,U-251,00523_B01_P003815_B0B_A00_R1.raw,U-251 MG cell
deep proteome of 9 cell lines,P003815,U-251,00523_C01_P003815_B0C_A00_R1.raw,U-251 MG cell
deep proteome of 9 cell lines,P003815,U-251,00523_H01_P003815_B0H_A00_R1.raw,U-251 MG cell
deep proteome of 9 cell lines,P003815,U-251,00523_A01_P003815_B0A_A00_R1.raw,U-251 MG cell
deep proteome of 9 cell lines,P003815,U-251,00523_H02_P003815_B0P_A00_R1.raw,U-251 MG cell
deep proteome of 9 cell lines,P003815,U-251,00523_B02_P003815_B0J_A00_R1.raw,U-251 MG cell
deep proteome of 9 cell lines,P003815,U-251,00523_G03_P003815_B0W_A00_R1.raw,U-251 MG cell
deep proteome of 9 cell lines,P003815,U-251,00523_G02_P003815_B0O_A00_R1.raw,U-251 MG cell
deep proteome of 9 cell lines,P003815,U-251,00523_F03_P003815_B0V_A00_R1.raw,U-251 MG cell
deep proteome of 9 cell lines,P003815,U-251,00523_D01_P003815_B0D_A00_R1.raw,U-251 MG cell
deep proteome of 9 cell lines,P003815,U-251,00523_C02_P003815_B0K_A00_R1.raw,U-251 MG cell
deep proteome of 9 cell lines,P003815,U-251,00523_H03_P003815_B0X_A00_R1.raw,U-251 MG cell
deep proteome of 9 cell lines,P003815,U-251,00523_F02_P003815_B0N_A00_R1.raw,U-251 MG cell
deep proteome of 9 cell lines,P003815,U-251,00523_D03_P003815_B0T_A00_R1.raw,U-251 MG cell
deep proteome of 9 cell lines,P003816,,00523_A05_P003816_B0I_A00_R1.raw,SKOV-3 cell
deep proteome of 9 cell lines,P003816,,00523_B06_P003816_B0R_A00_R1.raw,SKOV-3 cell
deep proteome of 9 cell lines,P003816,,00523_E04_P003816_B0E_A00_R1.raw,SKOV-3 cell
deep proteome of 9 cell lines,P003816,,00523_H05_P003816_B0P_A00_R1.raw,SKOV-3 cell
deep proteome of 9 cell lines,P003816,,00523_F04_P003816_B0F_A00_R1.raw,SKOV-3 cell
deep proteome of 9 cell lines,P003816,,00523_C04_P003816_B0C_A00_R1.raw,SKOV-3 cell
deep proteome of 9 cell lines,P003816,,00523_G04_P003816_B0G_A00_R1.raw,SKOV-3 cell
deep proteome of 9 cell lines,P003816,,00523_B04_P003816_B0B_A00_R1.raw,SKOV-3 cell
deep proteome of 9 cell lines,P003816,,00523_E06_P003816_B0U_A00_R1.raw,SKOV-3 cell
deep proteome of 9 cell lines,P003816,,00523_A06_P003816_B0Q_A00_R1.raw,SKOV-3 cell
deep proteome of 9 cell lines,P003816,,00523_B05_P003816_B0J_A00_R1.raw,SKOV-3 cell
deep proteome of 9 cell lines,P003816,,00523_F05_P003816_B0N_A00_R1.raw,SKOV-3 cell
deep proteome of 9 cell lines,P003816,,00523_E05_P003816_B0M_A00_R1.raw,SKOV-3 cell
deep proteome of 9 cell lines,P003816,,00523_D04_P003816_B0D_A00_R1.raw,SKOV-3 cell
deep proteome of 9 cell lines,P003816,,00523_G06_P003816_B0W_A00_R1.raw,SKOV-3 cell
deep proteome of 9 cell lines,P003816,,00523_C06_P003816_B0S_A00_R1.raw,SKOV-3 cell
deep proteome of 9 cell lines,P003816,,00523_C05_P003816_B0K_A00_R1.raw,SKOV-3 cell
deep proteome of 9 cell lines,P003816,,00523_G05_P003816_B0O_A00_R1.raw,SKOV-3 cell
deep proteome of 9 cell lines,P003816,,00523_D06_P003816_B0T_A00_R1.raw,SKOV-3 cell
deep proteome of 9 cell lines,P003816,,00523_D05_P003816_B0L_A00_R1.raw,SKOV-3 cell
deep proteome of 9 cell lines,P003816,,00523_H06_P003816_B0X_A00_R1.raw,SKOV-3 cell
deep proteome of 9 cell lines,P003816,,00523_F06_P003816_B0V_A00_R1.raw,SKOV-3 cell
deep proteome of 9 cell lines,P003816,,00523_A04_P003816_B0A_A00_R1.raw,SKOV-3 cell
deep proteome of 9 cell lines,P003816,,00523_H04_P003816_B0H_A00_R1.raw,SKOV-3 cell
deep proteome of 9 cell lines,P003817,,00523_F07_P003817_B0F_A00_R1.raw,M14 cell
deep proteome of 9 cell lines,P003817,,00523_G08_P003817_B0O_A00_R1.raw,M14 cell
deep proteome of 9 cell lines,P003817,,00523_E07_P003817_B0E_A00_R1.raw,M14 cell
deep proteome of 9 cell lines,P003817,,00523_E09_P003817_B0U_A00_R1.raw,M14 cell
deep proteome of 9 cell lines,P003817,,00523_D07_P003817_B0D_A00_R1.raw,M14 cell
deep proteome of 9 cell lines,P003817,,00523_B08_P003817_B0J_A00_R1.raw,M14 cell
deep proteome of 9 cell lines,P003817,,00523_D09_P003817_B0T_A00_R1.raw,M14 cell
deep proteome of 9 cell lines,P003817,,00523_H09_P003817_B0X_A00_R1.raw,M14 cell
deep proteome of 9 cell lines,P003817,,00523_A07_P003817_B0A_A00_R1.raw,M14 cell
deep proteome of 9 cell lines,P003817,,00523_A07_P003817_B0I_A00_R1.raw,M14 cell
deep proteome of 9 cell lines,P003817,,00523_C07_P003817_B0C_A00_R1.raw,M14 cell
deep proteome of 9 cell lines,P003817,,00523_F08_P003817_B0N_A00_R1.raw,M14 cell
deep proteome of 9 cell lines,P003817,,00523_F09_P003817_B0V_A00_R1.raw,M14 cell
deep proteome of 9 cell lines,P003817,,00523_H08_P003817_B0P_A00_R1.raw,M14 cell
deep proteome of 9 cell lines,P003817,,00523_H07_P003817_B0H_A00_R1.raw,M14 cell
deep proteome of 9 cell lines,P003817,,00523_A09_P003817_B0Q_A00_R1.raw,M14 cell
deep proteome of 9 cell lines,P003817,,00523_C08_P003817_B0K_A00_R1.raw,M14 cell
deep proteome of 9 cell lines,P003817,,00523_G09_P003817_B0W_A00_R1.raw,M14 cell
deep proteome of 9 cell lines,P003817,,00523_B09_P003817_B0R_A00_R1.raw,M14 cell
deep proteome of 9 cell lines,P003817,,00523_B07_P003817_B0B_A00_R1.raw,M14 cell
deep proteome of 9 cell lines,P003817,,00523_G07_P003817_B0G_A00_R1.raw,M14 cell
deep proteome of 9 cell lines,P003817,,00523_E08_P003817_B0M_A00_R1.raw,M14 cell
deep proteome of 9 cell lines,P003817,,00523_D08_P003817_B0L_A00_R1.raw,M14 cell
deep proteome of 9 cell lines,P003817,,00523_C09_P003817_B0S_A00_R1.raw,M14 cell
deep proteome of 9 cell lines,P003818,,00523_E12_P003818_B0U_A00_R1.raw,MCF-7 cell
deep proteome of 9 cell lines,P003818,,00523_C11_P003818_B0K_A00_R1.raw,MCF-7 cell
deep proteome of 9 cell lines,P003818,,00523_H12_P003818_B0X_A00_R1.raw,MCF-7 cell
deep proteome of 9 cell lines,P003818,,00523_A11_P003818_B0I_A00_R1.raw,MCF-7 cell
deep proteome of 9 cell lines,P003818,,00523_G12_P003818_B0W_A00_R1.raw,MCF-7 cell
deep proteome of 9 cell lines,P003818,,00523_F12_P003818_B0V_A00_R1.raw,MCF-7 cell
deep proteome of 9 cell lines,P003818,,00523_G11_P003818_B0O_A00_R1.raw,MCF-7 cell
deep proteome of 9 cell lines,P003818,,00523_B10_P003818_B0B_A00_R1.raw,MCF-7 cell
deep proteome of 9 cell lines,P003818,,00523_C10_P003818_B0C_A00_R1.raw,MCF-7 cell
deep proteome of 9 cell lines,P003818,,00523_D12_P003818_B0T_A00_R1.raw,MCF-7 cell
deep proteome of 9 cell lines,P003818,,00523_F10_P003818_B0F_A00_R1.raw,MCF-7 cell
deep proteome of 9 cell lines,P003818,,00523_B12_P003818_B0R_A00_R1.raw,MCF-7 cell
deep proteome of 9 cell lines,P003818,,00523_H10_P003818_B0H_A00_R1.raw,MCF-7 cell
deep proteome of 9 cell lines,P003818,,00523_E11_P003818_B0M_A00_R1.raw,MCF-7 cell
deep proteome of 9 cell lines,P003818,,00523_A10_P003818_B0A_A00_R1.raw,MCF-7 cell
deep proteome of 9 cell lines,P003818,,00523_C12_P003818_B0S_A00_R1.raw,MCF-7 cell
deep proteome of 9 cell lines,P003818,,00523_B11_P003818_B0J_A00_R1.raw,MCF-7 cell
deep proteome of 9 cell lines,P003818,,00523_G10_P003818_B0G_A00_R1.raw,MCF-7 cell
deep proteome of 9 cell lines,P003818,,00523_D11_P003818_B0L_A00_R1.raw,MCF-7 cell
deep proteome of 9 cell lines,P003818,,00523_D10_P003818_B0D_A00_R1.raw,MCF-7 cell
deep proteome of 9 cell lines,P003818,,00523_F11_P003818_B0N_A00_R1.raw,MCF-7 cell
deep proteome of 9 cell lines,P003818,,00523_E10_P003818_B0E_A00_R1.raw,MCF-7 cell
deep proteome of 9 cell lines,P003818,,00523_A12_P003818_B0Q_A00_R1.raw,MCF-7 cell
deep proteome of 9 cell lines,P003818,,00523_H11_P003818_B0P_A00_R1.raw,MCF-7 cell
deep proteome of 9 cell lines,P003819,,00524_H03_P003819_B0X_A00_R1.raw,CCRF-CEM cell
deep proteome of 9 cell lines,P003819,,00524_H02_P003819_B0P_A00_R1.raw,CCRF-CEM cell
deep proteome of 9 cell lines,P003819,,00524_G01_P003819_B0G_A00_R2.raw,CCRF-CEM cell
deep proteome of 9 cell lines,P003819,,00524_H01_P003819_B0H_A00_R2.raw,CCRF-CEM cell
deep proteome of 9 cell lines,P003819,,00524_F03_P003819_B0V_A00_R1.raw,CCRF-CEM cell
deep proteome of 9 cell lines,P003819,,00524_C01_P003819_B0C_A00_R2.raw,CCRF-CEM cell
deep proteome of 9 cell lines,P003819,,00524_B02_P003819_B0J_A00_R2.raw,CCRF-CEM cell
deep proteome of 9 cell lines,P003819,,00524_D03_P003819_B0T_A00_R1.raw,CCRF-CEM cell
deep proteome of 9 cell lines,P003819,,00524_C02_P003819_B0K_A00_R2.raw,CCRF-CEM cell
deep proteome of 9 cell lines,P003819,,00524_E01_P003819_B0E_A00_R2.raw,CCRF-CEM cell
deep proteome of 9 cell lines,P003819,,00524_A03_P003819_B0Q_A00_R1.raw,CCRF-CEM cell
deep proteome of 9 cell lines,P003819,,00524_G03_P003819_B0W_A00_R1.raw,CCRF-CEM cell
deep proteome of 9 cell lines,P003819,,00524_A02_P003819_B0I_A00_R2.raw,CCRF-CEM cell
deep proteome of 9 cell lines,P003819,,00524_D02_P003819_B0L_A00_R2.raw,CCRF-CEM cell
deep proteome of 9 cell lines,P003819,,00524_B03_P003819_B0R_A00_R1.raw,CCRF-CEM cell
deep proteome of 9 cell lines,P003819,,00524_E03_P003819_B0U_A00_R1.raw,CCRF-CEM cell
deep proteome of 9 cell lines,P003819,,00524_F01_P003819_B0F_A00_R2.raw,CCRF-CEM cell
deep proteome of 9 cell lines,P003819,,00524_G02_P003819_B0O_A00_R2.raw,CCRF-CEM cell
deep proteome of 9 cell lines,P003819,,00524_C03_P003819_B0S_A00_R1.raw,CCRF-CEM cell
deep proteome of 9 cell lines,P003819,,00524_A01_P003819_B0A_A00_R2.raw,CCRF-CEM cell
deep proteome of 9 cell lines,P003819,,00524_E02_P003819_B0M_A00_R2.raw,CCRF-CEM cell
deep proteome of 9 cell lines,P003819,,00524_B01_P003819_B0B_A00_R2.raw,CCRF-CEM cell
deep proteome of 9 cell lines,P003819,,00524_D01_P003819_B0D_A00_R2.raw,CCRF-CEM cell
deep proteome of 9 cell lines,P003819,,00524_F02_P003819_B0N_A00_R2.raw,CCRF-CEM cell
full proteome of 59 cell lines,P003820,KM12,00524_B05_P003820_B00J_A00_R1.raw,KM-12 cell
full proteome of 59 cell lines,P003820,KM12,00524_C04_P003820_B00C_A00_R1.raw,KM-12 cell
full proteome of 59 cell lines,P003820,KM12,00524_F04_P003820_B00F_A00_R1.raw,KM-12 cell
full proteome of 59 cell lines,P003820,KM12,00524_C05_P003820_B00K_A00_R1.raw,KM-12 cell
full proteome of 59 cell lines,P003820,KM12,00524_D05_P003820_B00L_A00_R1.raw,KM-12 cell
full proteome of 59 cell lines,P003820,KM12,00524_E04_P003820_B00E_A00_R1.raw,KM-12 cell
full proteome of 59 cell lines,P003820,KM12,00524_B04_P003820_B00B_A00_R1.raw,KM-12 cell
full proteome of 59 cell lines,P003820,KM12,00524_H04_P003820_B00H_A00_R1.raw,KM-12 cell
full proteome of 59 cell lines,P003820,KM12,00524_D04_P003820_B00D_A00_R1.raw,KM-12 cell
full proteome of 59 cell lines,P003820,KM12,00524_A05_P003820_B00I_A00_R1.raw,KM-12 cell
full proteome of 59 cell lines,P003820,KM12,00524_A04_P003820_B00A_A00_R1.raw,KM-12 cell
full proteome of 59 cell lines,P003820,KM12,00524_G04_P003820_B00G_A00_R1.raw,KM-12 cell
